{"stats":{"minecraft:mined":{"minecraft:spruce_planks":36,"minecraft:white_bed":3,"minecraft:mossy_cobblestone":1,"minecraft:oak_door":2,"minecraft:cherry_log":64,"minecraft:grass_block":63,"minecraft:carrots":36,"minecraft:furnace":9,"minecraft:fire":4,"minecraft:fletching_table":2,"minecraft:dirt_path":2,"minecraft:potatoes":17,"minecraft:oak_stairs":4,"minecraft:stone":34,"minecraft:oak_slab":2,"minecraft:dandelion":1,"minecraft:oak_fence":48,"minecraft:crafting_table":4,"minecraft:torch":3,"minecraft:short_grass":109,"minecraft:chest":30,"minecraft:tall_grass":3,"minecraft:cobblestone":26,"minecraft:grindstone":3,"minecraft:oak_planks":164,"minecraft:wall_torch":15,"minecraft:pink_petals":11,"minecraft:wheat":39,"minecraft:birch_leaves":1,"minecraft:yellow_bed":1,"minecraft:white_wall_banner":1,"minecraft:oak_log":911,"minecraft:beetroots":8,"minecraft:cherry_leaves":4,"minecraft:gravel":6,"minecraft:dirt":36,"minecraft:oak_leaves":170},"minecraft:used":{"minecraft:peony":1,"minecraft:oak_fence":29,"minecraft:flint_and_steel":2,"minecraft:stone_shovel":79,"minecraft:poppy":2,"minecraft:chest":46,"minecraft:spruce_planks":32,"minecraft:stone_hoe":18,"minecraft:cooked_chicken":1,"minecraft:oak_door":2,"minecraft:torch":28,"minecraft:dirt":46,"minecraft:chainmail_chestplate":1,"minecraft:carrot":51,"minecraft:diamond_helmet":2,"minecraft:iron_axe":1653,"minecraft:oak_stairs":4,"minecraft:diamond_chestplate":1,"minecraft:oak_sapling":22,"minecraft:furnace":11,"minecraft:beetroot_seeds":11,"minecraft:egg":4,"minecraft:cooked_beef":2,"minecraft:potato":33,"minecraft:cherry_log":7,"minecraft:wheat_seeds":54,"minecraft:cooked_mutton":16,"minecraft:diamond_boots":2,"minecraft:stone_pickaxe":26,"minecraft:oak_planks":473,"minecraft:cobblestone_slab":2,"minecraft:fletching_table":2,"minecraft:oak_slab":8,"minecraft:crafting_table":6,"minecraft:white_bed":10,"minecraft:smoker":1,"minecraft:oak_log":29,"minecraft:diamond_pickaxe":46,"minecraft:apple":3,"minecraft:bread":9,"minecraft:iron_pickaxe":7,"minecraft:gravel":15,"minecraft:fishing_rod":9,"minecraft:cobblestone":6,"minecraft:cooked_porkchop":1,"minecraft:white_banner":1,"minecraft:grindstone":3,"minecraft:yellow_bed":1,"minecraft:oak_boat":3,"minecraft:diamond_leggings":2,"minecraft:oak_trapdoor":3},"minecraft:picked_up":{"minecraft:wooden_axe":1,"minecraft:crafting_table":4,"minecraft:wheat":38,"minecraft:chainmail_boots":54,"minecraft:chicken":7,"minecraft:lead":9,"minecraft:stone_slab":3,"minecraft:oak_stairs":4,"minecraft:string":5,"minecraft:iron_axe":34,"minecraft:beetroot":8,"minecraft:diamond_leggings":1,"minecraft:spruce_planks":36,"minecraft:beef":14,"minecraft:oak_boat":2,"minecraft:poppy":8,"minecraft:iron_pickaxe":3,"minecraft:light_gray_wool":1,"minecraft:chest":31,"minecraft:egg":12,"minecraft:furnace":9,"minecraft:stick":71,"minecraft:oak_door":2,"minecraft:composter":2,"minecraft:oak_fence":41,"minecraft:torch":29,"minecraft:porkchop":11,"minecraft:cherry_log":63,"minecraft:carrot":146,"minecraft:diamond_chestplate":1,"minecraft:stone_sword":1,"minecraft:arrow":11,"minecraft:stone_shovel":61,"minecraft:rotten_flesh":16,"minecraft:beetroot_seeds":18,"minecraft:peony":3,"minecraft:diamond_boots":1,"minecraft:hay_block":2,"minecraft:mutton":51,"minecraft:cod":3,"minecraft:white_wool":24,"minecraft:cobblestone":63,"minecraft:pink_petals":32,"minecraft:leather_chestplate":3,"minecraft:feather":8,"minecraft:salmon":1,"minecraft:leather":21,"minecraft:smoker":1,"minecraft:potato":63,"minecraft:flint":1,"minecraft:oak_log":1247,"minecraft:chainmail_chestplate":13,"minecraft:yellow_bed":1,"minecraft:gunpowder":1,"minecraft:dirt":119,"minecraft:white_banner":1,"minecraft:cooked_mutton":9,"minecraft:bone":11,"minecraft:apple":15,"minecraft:bow":10,"minecraft:wheat_seeds":120,"minecraft:grindstone":3,"minecraft:iron_ingot":22,"minecraft:stone_pickaxe":100,"minecraft:diamond_helmet":1,"minecraft:fletching_table":2,"minecraft:stone_hoe":122,"minecraft:oak_planks":224,"minecraft:book":3,"minecraft:oak_slab":2,"minecraft:dandelion":1,"minecraft:gravel":66,"minecraft:white_bed":3,"minecraft:spider_eye":2,"minecraft:mossy_cobblestone":2,"minecraft:diamond_shovel":1,"minecraft:diamond":126,"minecraft:iron_helmet":12,"minecraft:cherry_sapling":23,"minecraft:bone_meal":1,"minecraft:bread":12,"minecraft:emerald":98,"minecraft:oak_sapling":63,"minecraft:black_wool":2,"minecraft:coal":2,"minecraft:ender_pearl":13,"minecraft:diamond_pickaxe":1},"minecraft:custom":{"minecraft:interact_with_smithing_table":2,"minecraft:mob_kills":72,"minecraft:animals_bred":3,"minecraft:interact_with_crafting_table":27,"minecraft:leave_game":1,"minecraft:time_since_death":237911,"minecraft:sprint_one_cm":586210,"minecraft:walk_one_cm":495814,"minecraft:drop":221,"minecraft:talked_to_villager":11,"minecraft:play_time":237911,"minecraft:sneak_time":10180,"minecraft:walk_under_water_one_cm":2258,"minecraft:boat_one_cm":94,"minecraft:jump":3150,"minecraft:walk_on_water_one_cm":12725,"minecraft:total_world_time":237911,"minecraft:interact_with_furnace":85,"minecraft:sleep_in_bed":4,"minecraft:time_since_rest":55803,"minecraft:damage_taken":1119,"minecraft:damage_dealt":9487,"minecraft:swim_one_cm":18137,"minecraft:fly_one_cm":793855,"minecraft:open_chest":358,"minecraft:crouch_one_cm":29335,"minecraft:interact_with_smoker":1,"minecraft:fish_caught":4,"minecraft:fall_one_cm":64830},"minecraft:dropped":{"minecraft:iron_ingot":4,"minecraft:stone_hoe":63,"minecraft:oak_log":385,"minecraft:mossy_cobblestone":2,"minecraft:diamond":76,"minecraft:diamond_leggings":1,"minecraft:stick":16,"minecraft:emerald":41,"minecraft:dirt":36,"minecraft:torch":1,"minecraft:diamond_helmet":1,"minecraft:bone_meal":1,"minecraft:iron_axe":11,"minecraft:iron_pickaxe":1,"minecraft:stone_shovel":40,"minecraft:rotten_flesh":1,"minecraft:oak_planks":11,"minecraft:cooked_mutton":13,"minecraft:chainmail_chestplate":3,"minecraft:leather_chestplate":1,"minecraft:oak_boat":1,"minecraft:chest":1,"minecraft:chainmail_boots":18,"minecraft:diamond_boots":1,"minecraft:bow":2,"minecraft:stone_pickaxe":47},"minecraft:killed":{"minecraft:spider":2,"minecraft:skeleton":1,"minecraft:chicken":7,"minecraft:skeleton_horse":1,"minecraft:pig":5,"minecraft:iron_golem":1,"minecraft:creeper":1,"minecraft:sheep":27,"minecraft:zombie":15,"minecraft:enderman":1,"minecraft:cow":10},"minecraft:broken":{"minecraft:iron_axe":7},"minecraft:crafted":{"minecraft:oak_planks":712,"minecraft:cobblestone_slab":6,"minecraft:fishing_rod":1,"minecraft:cooked_chicken":7,"minecraft:furnace":2,"minecraft:pink_dye":1,"minecraft:oak_trapdoor":4,"minecraft:cooked_mutton":40,"minecraft:flint_and_steel":1,"minecraft:chest":16,"minecraft:cooked_beef":14,"minecraft:oak_slab":6,"minecraft:cooked_porkchop":12,"minecraft:crafting_table":2,"minecraft:bread":11,"minecraft:oak_boat":2,"minecraft:shield":1,"minecraft:white_bed":6}},"DataVersion":3700}