{"stats":{"minecraft:dropped":{"minecraft:spruce_leaves":1,"minecraft:gray_wool":1,"jujutsucraft:uniform_normal_leggings":1,"minecraft:mutton":1,"minecraft:wooden_pickaxe":1,"jujutsucraft:uniform_normal_boots":1,"jujutsucraft:uniform_normal_chestplate":1,"minecraft:stick":2},"minecraft:picked_up":{"minecraft:spruce_leaves":1,"minecraft:turtle_helmet":1,"minecraft:diorite":2,"minecraft:spruce_log":3,"minecraft:dirt":6,"minecraft:gray_wool":1,"minecraft:mutton":1,"minecraft:cobblestone":2},"minecraft:mined":{"minecraft:spruce_log":3,"minecraft:grass_block":2,"minecraft:dirt":4,"minecraft:spruce_leaves":1,"minecraft:stone":2,"minecraft:diorite":2},"minecraft:custom":{"minecraft:time_since_rest":1221,"minecraft:sprint_one_cm":79442,"minecraft:damage_taken":3729,"minecraft:walk_one_cm":37837,"minecraft:mob_kills":11,"minecraft:drop":8,"minecraft:damage_dealt":52,"minecraft:swim_one_cm":29003,"minecraft:interact_with_crafting_table":1,"minecraft:fly_one_cm":155297,"minecraft:crouch_one_cm":19,"minecraft:play_time":13780,"minecraft:deaths":10,"minecraft:sneak_time":178,"minecraft:walk_under_water_one_cm":1023,"minecraft:jump":245,"minecraft:damage_dealt_resisted":1025,"minecraft:time_since_death":1165,"minecraft:walk_on_water_one_cm":129,"minecraft:total_world_time":13780,"minecraft:damage_resisted":547,"minecraft:fall_one_cm":8098},"minecraft:used":{"minecraft:diorite":2,"minecraft:wooden_pickaxe":4,"minecraft:dirt":6,"minecraft:cobblestone":2,"minecraft:crafting_table":1},"minecraft:crafted":{"minecraft:crafting_table":1,"minecraft:spruce_planks":12,"minecraft:stick":4,"minecraft:wooden_pickaxe":1},"minecraft:killed_by":{"jujutsucraft:cursed_spirit_grade_25":1,"jujutsucraft:cursed_spirit_grade_24":1,"jujutsucraft:cursed_spirit_grade_36":1,"minecraft:player":3,"jujutsucraft:cursed_spirit_grade_314":1,"jujutsucraft:larue":1},"minecraft:killed":{"minecraft:sheep":1,"jujutsucraft:cursed_spirit_grade_39":1,"jujutsucraft:cursed_spirit_grade_33":1,"jujutsucraft:cursed_spirit_grade_317":1,"jujutsucraft:cursed_spirit_grade_38":1,"jujutsucraft:cursed_spirit_grade_316":1,"jujutsucraft:cursed_spirit_grade_34":5}},"DataVersion":3465}