{"stats":{"minecraft:killed":{"jujutsucraft:cursed_spirit_grade_39":2,"minecraft:pig":1},"minecraft:picked_up":{"jujutsucraft:slaughter_demon":1,"minecraft:porkchop":3,"minecraft:grass_block":4,"minecraft:golden_sword":2,"minecraft:spectral_arrow":1,"minecraft:dirt":13,"minecraft:item_frame":2,"jujutsucraft:sword_ogi":1,"minecraft:stone_sword":1,"jujutsucraft:sword_black":1,"minecraft:oak_sapling":1,"minecraft:waxed_exposed_copper":2,"minecraft:oak_leaves":6},"minecraft:used":{"jujutsucraft:slaughter_demon":5,"minecraft:dirt":1},"minecraft:custom":{"minecraft:time_since_rest":1352,"minecraft:sprint_one_cm":92593,"minecraft:damage_taken":4054,"minecraft:walk_one_cm":74739,"minecraft:mob_kills":3,"minecraft:drop":8,"minecraft:swim_one_cm":2676,"minecraft:interact_with_crafting_table":1,"minecraft:fly_one_cm":222701,"minecraft:open_barrel":16,"minecraft:open_chest":8,"minecraft:crouch_one_cm":16,"minecraft:play_time":26650,"minecraft:deaths":9,"minecraft:sneak_time":34,"minecraft:walk_under_water_one_cm":3249,"minecraft:damage_dealt_resisted":583,"minecraft:jump":227,"minecraft:leave_game":1,"minecraft:time_since_death":144,"minecraft:walk_on_water_one_cm":3062,"minecraft:total_world_time":26650,"minecraft:damage_resisted":332,"minecraft:fall_one_cm":16904},"minecraft:dropped":{"minecraft:dirt":12,"jujutsucraft:sword_ogi":1,"minecraft:oak_sapling":1,"minecraft:golden_sword":1,"minecraft:oak_leaves":6,"minecraft:grass_block":4,"minecraft:item_frame":1},"minecraft:mined":{"minecraft:birch_leaves":2,"minecraft:gray_stained_glass_pane":2,"minecraft:grass_block":1,"minecraft:oak_leaves":5},"minecraft:killed_by":{"jujutsucraft:cursed_spirit_grade_15":3,"minecraft:player":2,"jujutsucraft:cursed_spirit_grade_319":1,"jujutsucraft:dhruv_lakdawalla":1}},"DataVersion":3465}