{"stats":{"minecraft:crafted":{"minecraft:oak_planks":16,"minecraft:crafting_table":1,"minecraft:wooden_axe":1},"minecraft:custom":{"minecraft:time_since_rest":4318,"minecraft:play_time":4318,"minecraft:sprint_one_cm":1362,"minecraft:damage_taken":10,"minecraft:walk_one_cm":1134,"minecraft:sneak_time":7,"minecraft:walk_under_water_one_cm":70,"minecraft:mob_kills":2,"minecraft:jump":12,"minecraft:damage_dealt":170,"minecraft:leave_game":1,"minecraft:time_since_death":4318,"minecraft:walk_on_water_one_cm":204,"minecraft:total_world_time":4318,"minecraft:swim_one_cm":861,"minecraft:interact_with_crafting_table":1,"minecraft:fall_one_cm":209,"minecraft:fly_one_cm":1650},"minecraft:mined":{"minecraft:oak_log":4,"minecraft:oak_leaves":5},"minecraft:used":{"minecraft:wooden_axe":3,"minecraft:crafting_table":1},"minecraft:picked_up":{"minecraft:stick":3,"minecraft:oak_log":4,"minecraft:mutton":2,"minecraft:white_wool":1},"minecraft:killed":{"minecraft:sheep":2}},"DataVersion":3700}