{"stats":{"minecraft:mined":{"minecraft:white_bed":21,"minecraft:jungle_leaves":5,"minecraft:obsidian":25,"minecraft:granite":86,"minecraft:jungle_log":26,"minecraft:deepslate_bricks":64,"minecraft:spawner":13,"minecraft:polished_blackstone_bricks":17,"minecraft:weeping_vines_plant":1,"minecraft:tall_seagrass":1,"minecraft:magma_block":11,"minecraft:cobbled_deepslate":16,"minecraft:fire":83,"minecraft:pumpkin":35,"minecraft:fletching_table":5,"minecraft:deepslate_lapis_ore":53,"minecraft:enchanting_table":3,"minecraft:twisting_vines":1,"minecraft:dirt_path":4,"minecraft:oak_stairs":17,"minecraft:smoker":4,"minecraft:torch":67,"minecraft:blast_furnace":2,"minecraft:sugar_cane":2655,"minecraft:amethyst_block":2,"minecraft:birch_sapling":9,"minecraft:white_terracotta":8,"minecraft:wheat":214,"minecraft:stone_brick_stairs":14,"minecraft:smooth_basalt":1,"minecraft:stonecutter":5,"minecraft:deepslate":1035,"minecraft:deepslate_tiles":4,"minecraft:mossy_cobblestone":10,"minecraft:redstone_ore":6,"minecraft:andesite":568,"minecraft:mossy_stone_brick_stairs":1,"minecraft:potatoes":1020,"minecraft:cobblestone_slab":6,"minecraft:vine":5,"minecraft:rail":4,"minecraft:warped_stem":2,"minecraft:oak_slab":16,"minecraft:glass_pane":9,"minecraft:lily_of_the_valley":26,"minecraft:dandelion":1,"minecraft:cornflower":2,"minecraft:short_grass":248,"minecraft:warped_roots":4,"minecraft:campfire":2,"minecraft:tall_grass":87,"minecraft:copper_ore":30,"minecraft:deepslate_gold_ore":89,"minecraft:diorite":833,"minecraft:warped_wart_block":2,"minecraft:white_carpet":6,"minecraft:spruce_log":689,"minecraft:birch_leaves":16,"minecraft:gravel":63,"minecraft:cobweb":72,"minecraft:stone_bricks":31,"minecraft:gold_ore":22,"minecraft:fern":1,"minecraft:spruce_planks":36,"minecraft:farmland":3,"minecraft:grass_block":1419,"minecraft:cracked_polished_blackstone_bricks":7,"minecraft:polished_diorite":117,"minecraft:composter":35,"minecraft:iron_ore":177,"minecraft:red_tulip":1,"minecraft:deepslate_redstone_ore":65,"minecraft:blackstone":62,"minecraft:twisting_vines_plant":2,"minecraft:calcite":1,"minecraft:chest":24,"minecraft:nether_quartz_ore":1222,"minecraft:cobblestone":182,"minecraft:grindstone":3,"minecraft:oak_planks":32,"minecraft:wall_torch":38,"minecraft:warped_nylium":42,"minecraft:birch_log":427,"minecraft:oak_log":812,"minecraft:sand":397,"minecraft:dirt":962,"minecraft:netherrack":3393,"minecraft:ancient_debris":29,"minecraft:oak_leaves":229,"minecraft:nether_gold_ore":64,"minecraft:tuff":146,"minecraft:deepslate_diamond_ore":154,"minecraft:oak_door":1,"minecraft:ladder":4,"minecraft:spruce_leaves":149,"minecraft:crimson_stem":8,"minecraft:large_fern":22,"minecraft:hay_block":37,"minecraft:furnace":9,"minecraft:carrots":540,"minecraft:gold_block":2,"minecraft:bell":3,"minecraft:bookshelf":20,"minecraft:deepslate_iron_ore":126,"minecraft:stripped_oak_log":19,"minecraft:packed_ice":35,"minecraft:stone":3111,"minecraft:podzol":1,"minecraft:basalt":199,"minecraft:oak_fence":21,"minecraft:crafting_table":6,"minecraft:lectern":49,"minecraft:blue_bed":13,"minecraft:spruce_stairs":8,"minecraft:birch_planks":34,"minecraft:sweet_berry_bush":12,"minecraft:white_wall_banner":1,"minecraft:yellow_bed":8,"minecraft:coal_ore":527,"minecraft:polished_andesite":78},"minecraft:used":{"minecraft:poppy":2,"minecraft:ladder":163,"minecraft:chest":97,"minecraft:lily_of_the_valley":1,"minecraft:lava_bucket":15,"minecraft:grass_block":1,"minecraft:birch_sapling":53,"minecraft:stone_brick_stairs":18,"minecraft:netherite_boots":1,"minecraft:bow":88,"minecraft:sweet_berries":5,"minecraft:furnace":21,"minecraft:oak_sapling":3,"minecraft:egg":4,"minecraft:potato":1161,"minecraft:diorite":71,"minecraft:wooden_pickaxe":3,"minecraft:composter":35,"minecraft:golden_apple":11,"minecraft:sand":30,"minecraft:blast_furnace":2,"minecraft:netherite_helmet":1,"minecraft:deepslate_tiles":4,"minecraft:lectern":54,"minecraft:diamond_sword":822,"minecraft:fire_charge":1,"minecraft:smithing_table":1,"minecraft:oak_boat":7,"minecraft:enchanting_table":4,"minecraft:stone_sword":64,"minecraft:netherrack":798,"minecraft:torch":992,"minecraft:warped_wart_block":2,"minecraft:anvil":4,"minecraft:polished_diorite":510,"minecraft:iron_axe":104,"minecraft:jungle_log":4,"minecraft:diamond_chestplate":1,"minecraft:basalt":3,"minecraft:beef":5,"minecraft:cobbled_deepslate":284,"minecraft:wheat_seeds":209,"minecraft:water_bucket":188,"minecraft:birch_planks":287,"minecraft:fletching_table":11,"minecraft:deepslate_bricks":64,"minecraft:polished_blackstone_bricks":17,"minecraft:rail":2,"minecraft:oak_slab":36,"minecraft:crafting_table":30,"minecraft:campfire":2,"minecraft:white_bed":20,"minecraft:spruce_log":30,"minecraft:oak_log":199,"minecraft:diamond_pickaxe":11604,"minecraft:cornflower":1,"minecraft:diamond_shovel":1752,"minecraft:iron_pickaxe":1127,"minecraft:spruce_trapdoor":2,"minecraft:spruce_sapling":28,"minecraft:cobblestone":1163,"minecraft:cooked_porkchop":3,"minecraft:glass_pane":69,"minecraft:stripped_oak_log":1,"minecraft:dandelion":1,"minecraft:diamond_leggings":3,"minecraft:iron_shovel":886,"minecraft:shield":158,"minecraft:white_terracotta":5,"minecraft:iron_sword":40,"minecraft:bell":3,"minecraft:mutton":3,"minecraft:carrot":738,"minecraft:tuff":31,"minecraft:obsidian":1,"minecraft:lantern":29,"minecraft:warped_nylium":1,"minecraft:stone_bricks":191,"minecraft:birch_trapdoor":2,"minecraft:magma_block":3,"minecraft:warped_fungus":1,"minecraft:diamond_boots":1,"minecraft:stone_pickaxe":527,"minecraft:oak_planks":252,"minecraft:ender_pearl":5,"minecraft:blue_bed":16,"minecraft:diamond_axe":2758,"minecraft:sugar_cane":509,"minecraft:netherite_leggings":1,"minecraft:crossbow":10,"minecraft:shears":56,"minecraft:firework_rocket":6,"minecraft:bread":67,"minecraft:gravel":27,"minecraft:grindstone":6,"minecraft:andesite":58,"minecraft:bone_meal":82,"minecraft:golden_pickaxe":64,"minecraft:oak_fence":222,"minecraft:flint_and_steel":1,"minecraft:spruce_planks":297,"minecraft:stone_hoe":1,"minecraft:oak_door":2,"minecraft:dirt":1517,"minecraft:white_carpet":13,"minecraft:spruce_stairs":18,"minecraft:diamond_helmet":1,"minecraft:spruce_fence":9,"minecraft:granite":45,"minecraft:iron_hoe":386,"minecraft:wooden_axe":45,"minecraft:red_tulip":1,"minecraft:bookshelf":52,"minecraft:oak_stairs":9,"minecraft:golden_carrot":97,"minecraft:netherite_pickaxe":274,"minecraft:cooked_beef":87,"minecraft:cooked_mutton":8,"minecraft:polished_andesite":83,"minecraft:baked_potato":163,"minecraft:birch_boat":22,"minecraft:brown_mushroom":1,"minecraft:spruce_sign":3,"minecraft:stonecutter":5,"minecraft:cobblestone_slab":8,"minecraft:warped_roots":1,"minecraft:smoker":13,"minecraft:warped_planks":5,"minecraft:apple":4,"minecraft:cracked_polished_blackstone_bricks":4,"minecraft:netherite_axe":10,"minecraft:stone_axe":36,"minecraft:fishing_rod":8,"minecraft:white_banner":4,"minecraft:bucket":207,"minecraft:yellow_bed":9},"minecraft:picked_up":{"minecraft:wooden_axe":4,"minecraft:iron_chestplate":2,"minecraft:chainmail_boots":3,"minecraft:diamond_sword":11,"minecraft:oak_stairs":17,"minecraft:enchanted_book":3,"minecraft:golden_sword":2,"minecraft:amethyst_block":2,"minecraft:string":115,"minecraft:diamond_leggings":8,"minecraft:gold_nugget":484,"minecraft:cobbled_deepslate":1140,"minecraft:spruce_planks":35,"minecraft:netherite_upgrade_smithing_template":2,"minecraft:golden_helmet":1,"minecraft:composter":36,"minecraft:red_tulip":1,"minecraft:white_terracotta":11,"minecraft:birch_log":429,"minecraft:magma_block":6,"minecraft:cooked_beef":178,"minecraft:feather":6,"minecraft:water_bucket":8,"minecraft:jungle_log":26,"minecraft:smoker":6,"minecraft:flint":25,"minecraft:twisting_vines":10,"minecraft:stonecutter":5,"minecraft:rabbit":1,"minecraft:diamond_helmet":7,"minecraft:warped_wart_block":2,"minecraft:ink_sac":11,"minecraft:iron_hoe":1,"minecraft:polished_andesite":78,"minecraft:granite":89,"minecraft:bread":61,"minecraft:diamond_pickaxe":21,"minecraft:crimson_roots":1,"minecraft:spruce_leaves":95,"minecraft:crafting_table":8,"minecraft:cornflower":6,"minecraft:white_carpet":8,"minecraft:iron_shovel":15,"minecraft:beef":264,"minecraft:jungle_sapling":4,"minecraft:poppy":12,"minecraft:chest":24,"minecraft:birch_sapling":144,"minecraft:egg":11,"minecraft:oak_door":1,"minecraft:carrot":2362,"minecraft:redstone":366,"minecraft:netherite_pickaxe":2,"minecraft:stone_shovel":1,"minecraft:diamond_chestplate":8,"minecraft:deepslate_bricks":64,"minecraft:diamond_boots":6,"minecraft:hay_block":37,"minecraft:totem_of_undying":4,"minecraft:glow_berries":20,"minecraft:mutton":37,"minecraft:white_wool":11,"minecraft:rail":84,"minecraft:stripped_oak_log":19,"minecraft:oak_log":843,"minecraft:ancient_debris":29,"minecraft:blue_bed":15,"minecraft:paper":22,"minecraft:white_banner":7,"minecraft:stone_bricks":31,"minecraft:apple":20,"minecraft:warped_stem":4,"minecraft:glass_bottle":4,"minecraft:iron_sword":4,"minecraft:smooth_basalt":1,"minecraft:sweet_berries":20,"minecraft:gravel":54,"minecraft:spruce_sapling":49,"minecraft:spruce_log":684,"minecraft:diamond_shovel":2,"minecraft:polished_diorite":117,"minecraft:stone_axe":3,"minecraft:diamond_axe":6,"minecraft:warped_roots":16,"minecraft:baked_potato":209,"minecraft:melon_seeds":8,"minecraft:warped_nylium":3,"minecraft:ender_pearl":5,"minecraft:wheat":210,"minecraft:stone_brick_stairs":17,"minecraft:raw_copper":100,"minecraft:iron_leggings":1,"minecraft:activator_rail":7,"minecraft:deepslate_tiles":4,"minecraft:cobblestone_slab":4,"minecraft:calcite":1,"minecraft:iron_pickaxe":3,"minecraft:furnace":9,"minecraft:iron_boots":1,"minecraft:tipped_arrow":12,"minecraft:stick":399,"minecraft:oak_fence":25,"minecraft:torch":731,"minecraft:spruce_stairs":8,"minecraft:porkchop":15,"minecraft:diorite":827,"minecraft:rotten_flesh":93,"minecraft:obsidian":29,"minecraft:cod":1,"minecraft:cobblestone":3269,"minecraft:enchanting_table":3,"minecraft:andesite":552,"minecraft:potato":4317,"minecraft:tuff":168,"minecraft:lapis_lazuli":507,"minecraft:dirt":2762,"minecraft:name_tag":6,"minecraft:glass":28,"minecraft:bone":36,"minecraft:bow":14,"minecraft:wheat_seeds":693,"minecraft:raw_gold":166,"minecraft:bell":3,"minecraft:grindstone":4,"minecraft:fletching_table":5,"minecraft:stone_hoe":6,"minecraft:oak_planks":104,"minecraft:mossy_stone_brick_stairs":1,"minecraft:ghast_tear":2,"minecraft:cooked_porkchop":5,"minecraft:poisonous_potato":19,"minecraft:sand":398,"minecraft:grass_block":4,"minecraft:lily_of_the_valley":26,"minecraft:mossy_cobblestone":9,"minecraft:diamond":291,"minecraft:cracked_polished_blackstone_bricks":7,"minecraft:crossbow":5,"minecraft:golden_apple":12,"minecraft:emerald":66,"minecraft:oak_sapling":203,"minecraft:netherrack":1596,"minecraft:charcoal":4,"minecraft:chicken":2,"minecraft:ladder":89,"minecraft:chest_minecart":3,"minecraft:brown_mushroom":1,"minecraft:gold_block":2,"minecraft:shield":8,"minecraft:iron_axe":3,"minecraft:blackstone":53,"minecraft:oak_boat":7,"minecraft:lectern":50,"minecraft:sugar_cane":4334,"minecraft:raw_iron":370,"minecraft:polished_blackstone_bricks":17,"minecraft:cookie":2,"minecraft:iron_horse_armor":1,"minecraft:arrow":264,"minecraft:weeping_vines":1,"minecraft:pumpkin_pie":3,"minecraft:saddle":3,"minecraft:basalt":72,"minecraft:golden_carrot":41,"minecraft:glow_ink_sac":2,"minecraft:crimson_stem":14,"minecraft:salmon":6,"minecraft:leather":137,"minecraft:birch_planks":33,"minecraft:chainmail_chestplate":2,"minecraft:gunpowder":17,"minecraft:yellow_bed":9,"minecraft:iron_ingot":314,"minecraft:book":90,"minecraft:oak_slab":18,"minecraft:warped_fungus":1,"minecraft:pumpkin":50,"minecraft:birch_boat":22,"minecraft:quartz":1774,"minecraft:dandelion":26,"minecraft:blast_furnace":2,"minecraft:white_bed":19,"minecraft:spider_eye":10,"minecraft:pumpkin_seeds":2,"minecraft:chainmail_leggings":4,"minecraft:iron_helmet":13,"minecraft:black_wool":3,"minecraft:coal":578},"minecraft:custom":{"minecraft:interact_with_crafting_table":182,"minecraft:bell_ring":72,"minecraft:leave_game":32,"minecraft:time_since_death":378854,"minecraft:damage_blocked_by_shield":9052,"minecraft:play_time":1508574,"minecraft:deaths":11,"minecraft:jump":20562,"minecraft:enchant_item":24,"minecraft:interact_with_furnace":156,"minecraft:traded_with_villager":705,"minecraft:sleep_in_bed":58,"minecraft:damage_dealt":73466,"minecraft:interact_with_smoker":119,"minecraft:horse_one_cm":64162,"minecraft:interact_with_smithing_table":14,"minecraft:interact_with_anvil":28,"minecraft:inspect_hopper":1,"minecraft:sneak_time":64668,"minecraft:interact_with_blast_furnace":13,"minecraft:total_world_time":1508574,"minecraft:interact_with_stonecutter":13,"minecraft:time_since_rest":22530,"minecraft:swim_one_cm":352513,"minecraft:fly_one_cm":3814927,"minecraft:open_chest":1235,"minecraft:fish_caught":1,"minecraft:fall_one_cm":451718,"minecraft:animals_bred":21,"minecraft:sprint_one_cm":4974763,"minecraft:drop":668,"minecraft:talked_to_villager":396,"minecraft:walk_on_water_one_cm":155694,"minecraft:player_kills":8,"minecraft:crouch_one_cm":177443,"minecraft:mob_kills":395,"minecraft:interact_with_campfire":8,"minecraft:climb_one_cm":104515,"minecraft:walk_one_cm":3804567,"minecraft:raid_win":2,"minecraft:walk_under_water_one_cm":77865,"minecraft:boat_one_cm":353949,"minecraft:interact_with_grindstone":14,"minecraft:damage_taken":24136,"minecraft:damage_absorbed":438},"minecraft:dropped":{"minecraft:iron_sword":4,"minecraft:lapis_lazuli":42,"minecraft:cooked_beef":1,"minecraft:glow_ink_sac":2,"minecraft:glass_bottle":4,"minecraft:diamond":79,"minecraft:crafting_table":1,"minecraft:crossbow":2,"minecraft:weeping_vines":1,"minecraft:cookie":272,"minecraft:glow_berries":20,"minecraft:saddle":1,"minecraft:rail":79,"minecraft:emerald":14,"minecraft:dirt":279,"minecraft:gold_nugget":2,"minecraft:bone_meal":7,"minecraft:sand":7,"minecraft:iron_pickaxe":5,"minecraft:fishing_rod":1,"minecraft:white_wool":1,"minecraft:bone":20,"minecraft:oak_door":1,"minecraft:stone_axe":4,"minecraft:compass":4,"minecraft:cobbled_deepslate":485,"minecraft:birch_sapling":4,"minecraft:wheat":18,"minecraft:obsidian":14,"minecraft:rotten_flesh":72,"minecraft:oak_planks":20,"minecraft:salmon":2,"minecraft:tipped_arrow":9,"minecraft:glass":56,"minecraft:stone_brick_stairs":3,"minecraft:lectern":1,"minecraft:egg":1,"minecraft:enchanted_book":3,"minecraft:iron_ingot":7,"minecraft:netherite_pickaxe":3,"minecraft:wheat_seeds":280,"minecraft:oak_fence":9,"minecraft:iron_helmet":22,"minecraft:feather":2,"minecraft:cobblestone":690,"minecraft:book":2,"minecraft:granite":16,"minecraft:chainmail_helmet":8,"minecraft:coal":2,"minecraft:golden_apple":11,"minecraft:diamond_horse_armor":1,"minecraft:golden_carrot":2,"minecraft:ink_sac":8,"minecraft:wooden_axe":3,"minecraft:chainmail_leggings":4,"minecraft:iron_shovel":4,"minecraft:paper":31,"minecraft:string":22,"minecraft:spruce_sapling":2,"minecraft:furnace":3,"minecraft:stone_sword":1,"minecraft:stone_shovel":1,"minecraft:iron_boots":3,"minecraft:name_tag":2,"minecraft:white_terracotta":5,"minecraft:pumpkin_seeds":2,"minecraft:suspicious_stew":19,"minecraft:lily_of_the_valley":1,"minecraft:diamond_sword":4,"minecraft:potato":230,"minecraft:cobblestone_slab":2,"minecraft:spruce_planks":7,"minecraft:diamond_pickaxe":10,"minecraft:spider_eye":5,"minecraft:bow":17,"minecraft:magma_block":2,"minecraft:black_wool":1,"minecraft:birch_planks":1,"minecraft:diamond_axe":1,"minecraft:baked_potato":98,"minecraft:netherite_upgrade_smithing_template":1,"minecraft:lantern":1,"minecraft:leather":1,"minecraft:chest_minecart":3,"minecraft:flint":4,"minecraft:spruce_leaves":82,"minecraft:mutton":12,"minecraft:crimson_roots":1,"minecraft:pumpkin_pie":39,"minecraft:gold_ingot":64,"minecraft:gravel":25,"minecraft:blackstone":53,"minecraft:diamond_shovel":1,"minecraft:cooked_mutton":3,"minecraft:carrot":166,"minecraft:chainmail_chestplate":2,"minecraft:poppy":38,"minecraft:gunpowder":13,"minecraft:melon_seeds":8,"minecraft:chainmail_boots":3,"minecraft:basalt":69,"minecraft:arrow":114,"minecraft:quartz":11,"minecraft:netherrack":678,"minecraft:water_bucket":2,"minecraft:stone_hoe":6,"minecraft:bread":60,"minecraft:oak_slab":3,"minecraft:golden_helmet":1,"minecraft:mossy_cobblestone":8,"minecraft:poisonous_potato":17,"minecraft:spectral_arrow":4,"minecraft:amethyst_block":2,"minecraft:activator_rail":7,"minecraft:grass_block":1,"minecraft:stick":46,"minecraft:diorite":65,"minecraft:iron_leggings":4,"minecraft:iron_axe":3,"minecraft:bucket":1,"minecraft:dandelion":3,"minecraft:smooth_basalt":1,"minecraft:redstone":366,"minecraft:sweet_berries":15,"minecraft:warped_nylium":1,"minecraft:tuff":83,"minecraft:iron_hoe":1,"minecraft:totem_of_undying":1,"minecraft:shield":2,"minecraft:iron_chestplate":6,"minecraft:andesite":40,"minecraft:oak_boat":1,"minecraft:oak_sapling":44,"minecraft:golden_sword":2,"minecraft:stone_pickaxe":3,"minecraft:wooden_pickaxe":1,"minecraft:raw_gold":1,"minecraft:calcite":1},"minecraft:killed_by":{"minecraft:vindicator":1,"minecraft:zombie":2,"minecraft:zombified_piglin":1,"minecraft:player":3,"minecraft:spider":1,"minecraft:enderman":1,"minecraft:iron_golem":1},"minecraft:killed":{"minecraft:cave_spider":16,"minecraft:skeleton":48,"minecraft:fox":2,"minecraft:chicken":1,"minecraft:salmon":5,"minecraft:iron_golem":7,"minecraft:pillager":7,"minecraft:zombie":90,"minecraft:cow":117,"minecraft:evoker":1,"minecraft:vindicator":2,"minecraft:enderman":11,"minecraft:zombified_piglin":9,"minecraft:witch":3,"minecraft:spider":19,"minecraft:wolf":1,"minecraft:piglin":14,"minecraft:pig":8,"minecraft:zombie_villager":1,"minecraft:creeper":8,"minecraft:sheep":12,"minecraft:ghast":1,"minecraft:drowned":5,"minecraft:bat":1,"minecraft:villager":1},"minecraft:broken":{"minecraft:diamond_helmet":2,"minecraft:diamond_pickaxe":1,"minecraft:iron_hoe":1,"minecraft:iron_pickaxe":4,"minecraft:iron_shovel":2,"minecraft:stone_pickaxe":3,"minecraft:diamond_boots":1,"minecraft:wooden_axe":1,"minecraft:golden_pickaxe":2},"minecraft:crafted":{"minecraft:smooth_stone":8,"minecraft:birch_boat":2,"minecraft:diamond_shovel":2,"minecraft:bookshelf":54,"minecraft:cooked_mutton":11,"minecraft:glass":97,"minecraft:quartz_block":131,"minecraft:diamond_helmet":4,"minecraft:diamond_leggings":3,"minecraft:netherite_boots":1,"minecraft:emerald":520,"minecraft:diamond_axe":2,"minecraft:smithing_table":1,"minecraft:fletching_table":8,"minecraft:campfire":2,"minecraft:stone_brick_stairs":2,"minecraft:lectern":4,"minecraft:stone_slab":6,"minecraft:compass":4,"minecraft:iron_pickaxe":7,"minecraft:iron_block":12,"minecraft:gold_ingot":145,"minecraft:netherite_ingot":7,"minecraft:golden_carrot":147,"minecraft:smooth_stone_slab":6,"minecraft:bone_meal":420,"minecraft:spruce_fence":15,"minecraft:white_carpet":36,"minecraft:lantern":30,"minecraft:netherite_axe":1,"minecraft:spruce_stairs":12,"minecraft:ladder":171,"minecraft:stone_pickaxe":7,"minecraft:diamond_boots":4,"minecraft:wheat":333,"minecraft:netherite_pickaxe":1,"minecraft:blue_bed":1,"minecraft:enchanted_book":19,"minecraft:birch_trapdoor":6,"minecraft:wooden_axe":6,"minecraft:oak_stairs":8,"minecraft:iron_shovel":15,"minecraft:iron_leggings":2,"minecraft:white_bed":3,"minecraft:grindstone":2,"minecraft:oak_planks":1952,"minecraft:cobblestone_slab":6,"minecraft:stone":192,"minecraft:suspicious_stew":19,"minecraft:warped_planks":8,"minecraft:bow":10,"minecraft:iron_boots":2,"minecraft:chest":73,"minecraft:netherite_helmet":1,"minecraft:oak_button":1,"minecraft:netherite_upgrade_smithing_template":12,"minecraft:oak_fence":216,"minecraft:smoker":9,"minecraft:oak_slab":372,"minecraft:arrow":64,"minecraft:crafting_table":24,"minecraft:spruce_planks":2616,"minecraft:iron_helmet":1,"minecraft:baked_potato":241,"minecraft:wooden_pickaxe":1,"minecraft:birch_planks":1440,"minecraft:spruce_trapdoor":6,"minecraft:book":84,"minecraft:iron_chestplate":2,"minecraft:paper":3825,"minecraft:diamond_pickaxe":3,"minecraft:charcoal":64,"minecraft:shield":7,"minecraft:stick":6768,"minecraft:iron_ingot":339,"minecraft:stone_sword":2,"minecraft:shears":1,"minecraft:cookie":270,"minecraft:oak_door":3,"minecraft:fishing_rod":2,"minecraft:furnace":33,"minecraft:glass_pane":80,"minecraft:flint_and_steel":1,"minecraft:netherite_chestplate":1,"minecraft:netherite_leggings":1,"minecraft:iron_axe":1,"minecraft:iron_hoe":3,"minecraft:netherite_scrap":29,"minecraft:cooked_beef":114,"minecraft:diamond_sword":2,"minecraft:spruce_sign":3,"minecraft:iron_sword":1,"minecraft:bucket":3,"minecraft:stone_axe":2,"minecraft:bread":111,"minecraft:air":0,"minecraft:jungle_planks":88,"minecraft:blue_dye":1,"minecraft:oak_boat":3,"minecraft:white_wool":25,"minecraft:anvil":4,"minecraft:pumpkin_pie":36,"minecraft:torch":804,"minecraft:diamond_chestplate":3,"minecraft:firework_rocket":6}},"DataVersion":3700}