{"stats":{"minecraft:killed":{"minecraft:pig":1},"minecraft:picked_up":{"jujutsucraft:sword_ogi":1,"minecraft:porkchop":3,"minecraft:grass_block":4,"minecraft:oak_sapling":1,"minecraft:oak_leaves":6,"minecraft:dirt":13},"minecraft:used":{"minecraft:dirt":1},"minecraft:custom":{"minecraft:open_barrel":5,"minecraft:time_since_rest":4327,"minecraft:deaths":6,"minecraft:sprint_one_cm":46731,"minecraft:play_time":16695,"minecraft:damage_taken":3017,"minecraft:walk_one_cm":42342,"minecraft:sneak_time":7,"minecraft:walk_under_water_one_cm":1403,"minecraft:mob_kills":1,"minecraft:drop":6,"minecraft:jump":147,"minecraft:walk_on_water_one_cm":2760,"minecraft:time_since_death":4202,"minecraft:total_world_time":16695,"minecraft:damage_resisted":73,"minecraft:swim_one_cm":2676,"minecraft:fall_one_cm":12422,"minecraft:fly_one_cm":182150},"minecraft:dropped":{"minecraft:dirt":12,"jujutsucraft:sword_ogi":1,"minecraft:oak_leaves":6,"minecraft:grass_block":4,"minecraft:oak_sapling":1},"minecraft:killed_by":{"jujutsucraft:dhruv_lakdawalla":1,"minecraft:player":2,"jujutsucraft:cursed_spirit_grade_319":1},"minecraft:mined":{"minecraft:grass_block":1,"minecraft:birch_leaves":2}},"DataVersion":3465}