{"stats":{"minecraft:mined":{"minecraft:spruce_planks":36,"minecraft:white_bed":19,"minecraft:farmland":3,"minecraft:obsidian":10,"minecraft:granite":86,"minecraft:grass_block":1419,"minecraft:cracked_polished_blackstone_bricks":7,"minecraft:deepslate_bricks":64,"minecraft:polished_diorite":59,"minecraft:composter":27,"minecraft:spawner":13,"minecraft:weeping_vines_plant":1,"minecraft:polished_blackstone_bricks":17,"minecraft:tall_seagrass":1,"minecraft:magma_block":5,"minecraft:iron_ore":177,"minecraft:fire":78,"minecraft:cobbled_deepslate":16,"minecraft:pumpkin":35,"minecraft:deepslate_lapis_ore":53,"minecraft:fletching_table":3,"minecraft:enchanting_table":2,"minecraft:twisting_vines":1,"minecraft:red_tulip":1,"minecraft:dirt_path":4,"minecraft:oak_stairs":17,"minecraft:deepslate_redstone_ore":65,"minecraft:twisting_vines_plant":2,"minecraft:smoker":4,"minecraft:torch":65,"minecraft:blast_furnace":2,"minecraft:calcite":1,"minecraft:chest":24,"minecraft:nether_quartz_ore":787,"minecraft:cobblestone":182,"minecraft:oak_planks":32,"minecraft:sugar_cane":1702,"minecraft:wall_torch":33,"minecraft:amethyst_block":2,"minecraft:birch_sapling":9,"minecraft:white_terracotta":8,"minecraft:warped_nylium":42,"minecraft:birch_log":427,"minecraft:wheat":129,"minecraft:stone_brick_stairs":14,"minecraft:oak_log":808,"minecraft:sand":397,"minecraft:dirt":962,"minecraft:smooth_basalt":1,"minecraft:stonecutter":4,"minecraft:netherrack":773,"minecraft:deepslate":1035,"minecraft:oak_leaves":211,"minecraft:nether_gold_ore":42,"minecraft:deepslate_tiles":4,"minecraft:tuff":146,"minecraft:mossy_cobblestone":10,"minecraft:deepslate_diamond_ore":154,"minecraft:oak_door":1,"minecraft:ladder":1,"minecraft:spruce_leaves":39,"minecraft:crimson_stem":8,"minecraft:large_fern":22,"minecraft:hay_block":37,"minecraft:redstone_ore":6,"minecraft:furnace":9,"minecraft:carrots":404,"minecraft:andesite":568,"minecraft:bell":3,"minecraft:bookshelf":14,"minecraft:potatoes":660,"minecraft:cobblestone_slab":6,"minecraft:deepslate_iron_ore":126,"minecraft:rail":4,"minecraft:warped_stem":2,"minecraft:stripped_oak_log":19,"minecraft:packed_ice":35,"minecraft:stone":3106,"minecraft:podzol":1,"minecraft:oak_slab":9,"minecraft:glass_pane":9,"minecraft:lily_of_the_valley":26,"minecraft:basalt":1,"minecraft:dandelion":1,"minecraft:oak_fence":18,"minecraft:crafting_table":6,"minecraft:cornflower":2,"minecraft:short_grass":241,"minecraft:warped_roots":4,"minecraft:campfire":2,"minecraft:lectern":12,"minecraft:copper_ore":30,"minecraft:tall_grass":87,"minecraft:deepslate_gold_ore":89,"minecraft:diorite":833,"minecraft:blue_bed":13,"minecraft:warped_wart_block":2,"minecraft:spruce_stairs":8,"minecraft:birch_planks":34,"minecraft:sweet_berry_bush":12,"minecraft:birch_leaves":16,"minecraft:white_carpet":4,"minecraft:spruce_log":190,"minecraft:white_wall_banner":1,"minecraft:yellow_bed":8,"minecraft:coal_ore":527,"minecraft:gravel":39,"minecraft:cobweb":72,"minecraft:polished_andesite":78,"minecraft:stone_bricks":31,"minecraft:gold_ore":22,"minecraft:fern":1},"minecraft:used":{"minecraft:iron_shovel":886,"minecraft:ladder":51,"minecraft:shield":158,"minecraft:chest":97,"minecraft:white_terracotta":5,"minecraft:iron_sword":40,"minecraft:bell":3,"minecraft:lily_of_the_valley":1,"minecraft:mutton":3,"minecraft:carrot":552,"minecraft:tuff":31,"minecraft:lava_bucket":15,"minecraft:grass_block":1,"minecraft:lantern":14,"minecraft:birch_sapling":53,"minecraft:warped_nylium":1,"minecraft:stone_brick_stairs":18,"minecraft:stone_bricks":191,"minecraft:birch_trapdoor":2,"minecraft:magma_block":3,"minecraft:bow":88,"minecraft:warped_fungus":1,"minecraft:sweet_berries":5,"minecraft:oak_sapling":3,"minecraft:furnace":21,"minecraft:egg":4,"minecraft:potato":843,"minecraft:diorite":71,"minecraft:stone_pickaxe":527,"minecraft:oak_planks":252,"minecraft:ender_pearl":4,"minecraft:wooden_pickaxe":3,"minecraft:sugar_cane":509,"minecraft:composter":27,"minecraft:diamond_axe":1941,"minecraft:blue_bed":16,"minecraft:golden_apple":8,"minecraft:sand":30,"minecraft:blast_furnace":2,"minecraft:crossbow":10,"minecraft:deepslate_tiles":4,"minecraft:firework_rocket":6,"minecraft:bread":67,"minecraft:lectern":17,"minecraft:gravel":4,"minecraft:diamond_sword":787,"minecraft:grindstone":2,"minecraft:andesite":58,"minecraft:oak_fence":219,"minecraft:golden_pickaxe":64,"minecraft:oak_boat":7,"minecraft:bone_meal":42,"minecraft:stone_sword":64,"minecraft:enchanting_table":2,"minecraft:spruce_planks":297,"minecraft:stone_hoe":1,"minecraft:netherrack":656,"minecraft:oak_door":2,"minecraft:torch":881,"minecraft:dirt":1498,"minecraft:warped_wart_block":2,"minecraft:anvil":2,"minecraft:white_carpet":13,"minecraft:spruce_stairs":18,"minecraft:diamond_helmet":1,"minecraft:granite":45,"minecraft:spruce_fence":9,"minecraft:polished_diorite":448,"minecraft:iron_hoe":386,"minecraft:wooden_axe":45,"minecraft:bookshelf":31,"minecraft:red_tulip":1,"minecraft:iron_axe":104,"minecraft:oak_stairs":9,"minecraft:diamond_chestplate":1,"minecraft:basalt":1,"minecraft:golden_carrot":93,"minecraft:beef":5,"minecraft:cooked_beef":73,"minecraft:cobbled_deepslate":284,"minecraft:wheat_seeds":121,"minecraft:cooked_mutton":8,"minecraft:water_bucket":177,"minecraft:birch_planks":287,"minecraft:polished_andesite":83,"minecraft:baked_potato":112,"minecraft:birch_boat":19,"minecraft:brown_mushroom":1,"minecraft:spruce_sign":3,"minecraft:cobblestone_slab":8,"minecraft:fletching_table":3,"minecraft:stonecutter":4,"minecraft:warped_roots":1,"minecraft:deepslate_bricks":64,"minecraft:polished_blackstone_bricks":17,"minecraft:rail":2,"minecraft:crafting_table":28,"minecraft:oak_slab":26,"minecraft:white_bed":18,"minecraft:campfire":2,"minecraft:spruce_log":14,"minecraft:cornflower":1,"minecraft:warped_planks":5,"minecraft:diamond_pickaxe":7919,"minecraft:smoker":13,"minecraft:oak_log":199,"minecraft:apple":4,"minecraft:diamond_shovel":1752,"minecraft:cracked_polished_blackstone_bricks":4,"minecraft:iron_pickaxe":1127,"minecraft:spruce_trapdoor":2,"minecraft:stone_axe":36,"minecraft:cobblestone":1158,"minecraft:white_banner":4,"minecraft:cooked_porkchop":3,"minecraft:bucket":196,"minecraft:glass_pane":69,"minecraft:yellow_bed":9,"minecraft:dandelion":1,"minecraft:stripped_oak_log":1,"minecraft:diamond_leggings":3},"minecraft:picked_up":{"minecraft:wooden_axe":4,"minecraft:iron_chestplate":2,"minecraft:wheat":133,"minecraft:chainmail_boots":3,"minecraft:diamond_sword":11,"minecraft:oak_stairs":17,"minecraft:enchanted_book":3,"minecraft:stone_brick_stairs":17,"minecraft:golden_sword":2,"minecraft:amethyst_block":2,"minecraft:string":114,"minecraft:raw_copper":100,"minecraft:iron_leggings":1,"minecraft:activator_rail":7,"minecraft:diamond_leggings":8,"minecraft:deepslate_tiles":4,"minecraft:gold_nugget":359,"minecraft:cobbled_deepslate":1140,"minecraft:spruce_planks":30,"minecraft:cobblestone_slab":4,"minecraft:calcite":1,"minecraft:iron_pickaxe":3,"minecraft:iron_boots":1,"minecraft:furnace":9,"minecraft:tipped_arrow":12,"minecraft:golden_helmet":1,"minecraft:stick":370,"minecraft:composter":28,"minecraft:oak_fence":22,"minecraft:torch":719,"minecraft:spruce_stairs":8,"minecraft:porkchop":15,"minecraft:diorite":827,"minecraft:rotten_flesh":92,"minecraft:red_tulip":1,"minecraft:white_terracotta":11,"minecraft:obsidian":14,"minecraft:cobblestone":3264,"minecraft:birch_log":429,"minecraft:enchanting_table":2,"minecraft:magma_block":5,"minecraft:feather":6,"minecraft:cooked_beef":178,"minecraft:water_bucket":8,"minecraft:andesite":552,"minecraft:potato":2548,"minecraft:smoker":6,"minecraft:flint":5,"minecraft:tuff":168,"minecraft:dirt":2743,"minecraft:lapis_lazuli":507,"minecraft:name_tag":6,"minecraft:twisting_vines":10,"minecraft:glass":28,"minecraft:bone":36,"minecraft:bow":14,"minecraft:stonecutter":4,"minecraft:wheat_seeds":475,"minecraft:raw_gold":166,"minecraft:bell":3,"minecraft:grindstone":1,"minecraft:diamond_helmet":7,"minecraft:fletching_table":3,"minecraft:rabbit":1,"minecraft:oak_planks":104,"minecraft:stone_hoe":6,"minecraft:ghast_tear":2,"minecraft:cooked_porkchop":5,"minecraft:warped_wart_block":2,"minecraft:poisonous_potato":14,"minecraft:sand":398,"minecraft:ink_sac":9,"minecraft:lily_of_the_valley":26,"minecraft:grass_block":3,"minecraft:mossy_cobblestone":9,"minecraft:iron_hoe":1,"minecraft:polished_andesite":78,"minecraft:diamond":291,"minecraft:cracked_polished_blackstone_bricks":7,"minecraft:crossbow":5,"minecraft:granite":89,"minecraft:golden_apple":12,"minecraft:emerald":66,"minecraft:bread":61,"minecraft:oak_sapling":203,"minecraft:netherrack":742,"minecraft:crimson_roots":1,"minecraft:diamond_pickaxe":21,"minecraft:charcoal":4,"minecraft:crafting_table":8,"minecraft:chicken":2,"minecraft:ladder":1,"minecraft:chest_minecart":3,"minecraft:brown_mushroom":1,"minecraft:shield":8,"minecraft:cornflower":6,"minecraft:iron_axe":3,"minecraft:white_carpet":6,"minecraft:iron_shovel":15,"minecraft:beef":182,"minecraft:oak_boat":7,"minecraft:poppy":7,"minecraft:lectern":13,"minecraft:sugar_cane":2748,"minecraft:chest":24,"minecraft:birch_sapling":144,"minecraft:egg":11,"minecraft:raw_iron":370,"minecraft:oak_door":1,"minecraft:polished_blackstone_bricks":17,"minecraft:cookie":2,"minecraft:carrot":1687,"minecraft:redstone":366,"minecraft:iron_horse_armor":1,"minecraft:stone_shovel":1,"minecraft:arrow":263,"minecraft:weeping_vines":1,"minecraft:diamond_chestplate":8,"minecraft:pumpkin_pie":3,"minecraft:deepslate_bricks":64,"minecraft:diamond_boots":6,"minecraft:hay_block":37,"minecraft:saddle":3,"minecraft:totem_of_undying":4,"minecraft:mutton":37,"minecraft:glow_berries":20,"minecraft:rail":84,"minecraft:white_wool":11,"minecraft:stripped_oak_log":19,"minecraft:basalt":1,"minecraft:golden_carrot":41,"minecraft:glow_ink_sac":2,"minecraft:crimson_stem":14,"minecraft:salmon":2,"minecraft:leather":91,"minecraft:birch_planks":32,"minecraft:oak_log":839,"minecraft:chainmail_chestplate":2,"minecraft:yellow_bed":9,"minecraft:gunpowder":17,"minecraft:blue_bed":15,"minecraft:paper":22,"minecraft:white_banner":7,"minecraft:apple":19,"minecraft:stone_bricks":31,"minecraft:warped_stem":4,"minecraft:iron_ingot":297,"minecraft:glass_bottle":2,"minecraft:iron_sword":4,"minecraft:book":72,"minecraft:oak_slab":11,"minecraft:smooth_basalt":1,"minecraft:warped_fungus":1,"minecraft:birch_boat":20,"minecraft:pumpkin":50,"minecraft:sweet_berries":20,"minecraft:quartz":1240,"minecraft:dandelion":26,"minecraft:gravel":51,"minecraft:spruce_sapling":19,"minecraft:blast_furnace":2,"minecraft:white_bed":17,"minecraft:spruce_log":186,"minecraft:spider_eye":10,"minecraft:diamond_shovel":2,"minecraft:pumpkin_seeds":2,"minecraft:stone_axe":3,"minecraft:polished_diorite":59,"minecraft:chainmail_leggings":4,"minecraft:iron_helmet":13,"minecraft:diamond_axe":6,"minecraft:warped_roots":16,"minecraft:baked_potato":207,"minecraft:melon_seeds":8,"minecraft:black_wool":3,"minecraft:warped_nylium":2,"minecraft:coal":578,"minecraft:ender_pearl":4},"minecraft:custom":{"minecraft:animals_bred":7,"minecraft:interact_with_crafting_table":152,"minecraft:bell_ring":72,"minecraft:leave_game":23,"minecraft:time_since_death":134383,"minecraft:sprint_one_cm":4207545,"minecraft:damage_blocked_by_shield":9052,"minecraft:drop":600,"minecraft:talked_to_villager":276,"minecraft:play_time":1264103,"minecraft:deaths":11,"minecraft:jump":17428,"minecraft:walk_on_water_one_cm":139231,"minecraft:enchant_item":14,"minecraft:interact_with_furnace":143,"minecraft:traded_with_villager":366,"minecraft:sleep_in_bed":54,"minecraft:damage_dealt":63243,"minecraft:player_kills":8,"minecraft:crouch_one_cm":146577,"minecraft:interact_with_smithing_table":2,"minecraft:horse_one_cm":64162,"minecraft:interact_with_smoker":103,"minecraft:interact_with_anvil":5,"minecraft:mob_kills":335,"minecraft:inspect_hopper":1,"minecraft:interact_with_campfire":8,"minecraft:climb_one_cm":39792,"minecraft:walk_one_cm":3145330,"minecraft:raid_win":2,"minecraft:sneak_time":53872,"minecraft:walk_under_water_one_cm":64314,"minecraft:boat_one_cm":352203,"minecraft:interact_with_blast_furnace":13,"minecraft:total_world_time":1264103,"minecraft:interact_with_grindstone":5,"minecraft:interact_with_stonecutter":13,"minecraft:time_since_rest":106655,"minecraft:damage_absorbed":318,"minecraft:damage_taken":21659,"minecraft:swim_one_cm":317842,"minecraft:fly_one_cm":3273358,"minecraft:open_chest":814,"minecraft:fall_one_cm":394473},"minecraft:dropped":{"minecraft:iron_sword":4,"minecraft:diamond_axe":1,"minecraft:lapis_lazuli":42,"minecraft:cooked_beef":1,"minecraft:baked_potato":96,"minecraft:glow_ink_sac":2,"minecraft:glass_bottle":2,"minecraft:diamond":66,"minecraft:crafting_table":1,"minecraft:crossbow":2,"minecraft:weeping_vines":1,"minecraft:cookie":146,"minecraft:glow_berries":20,"minecraft:lantern":1,"minecraft:leather":1,"minecraft:chest_minecart":3,"minecraft:saddle":1,"minecraft:rail":79,"minecraft:emerald":8,"minecraft:flint":4,"minecraft:dirt":279,"minecraft:mutton":12,"minecraft:crimson_roots":1,"minecraft:gold_nugget":2,"minecraft:pumpkin_pie":39,"minecraft:bone_meal":7,"minecraft:sand":7,"minecraft:iron_pickaxe":5,"minecraft:white_wool":1,"minecraft:gold_ingot":64,"minecraft:bone":20,"minecraft:gravel":25,"minecraft:oak_door":1,"minecraft:stone_axe":4,"minecraft:compass":4,"minecraft:cobbled_deepslate":485,"minecraft:wheat":2,"minecraft:birch_sapling":4,"minecraft:obsidian":14,"minecraft:rotten_flesh":71,"minecraft:oak_planks":20,"minecraft:diamond_shovel":1,"minecraft:cooked_mutton":3,"minecraft:salmon":2,"minecraft:carrot":166,"minecraft:chainmail_chestplate":2,"minecraft:poppy":35,"minecraft:tipped_arrow":9,"minecraft:gunpowder":13,"minecraft:melon_seeds":8,"minecraft:chainmail_boots":3,"minecraft:arrow":107,"minecraft:glass":56,"minecraft:stone_brick_stairs":3,"minecraft:netherrack":16,"minecraft:lectern":1,"minecraft:egg":1,"minecraft:stone_hoe":6,"minecraft:water_bucket":2,"minecraft:enchanted_book":3,"minecraft:iron_ingot":7,"minecraft:bread":60,"minecraft:oak_slab":3,"minecraft:wheat_seeds":150,"minecraft:golden_helmet":1,"minecraft:mossy_cobblestone":8,"minecraft:poisonous_potato":12,"minecraft:feather":2,"minecraft:oak_fence":9,"minecraft:iron_helmet":22,"minecraft:cobblestone":690,"minecraft:book":2,"minecraft:amethyst_block":2,"minecraft:granite":16,"minecraft:activator_rail":7,"minecraft:chainmail_helmet":8,"minecraft:coal":2,"minecraft:golden_apple":11,"minecraft:stick":28,"minecraft:diamond_horse_armor":1,"minecraft:diorite":65,"minecraft:golden_carrot":2,"minecraft:ink_sac":6,"minecraft:wooden_axe":3,"minecraft:iron_leggings":4,"minecraft:iron_axe":3,"minecraft:iron_shovel":4,"minecraft:chainmail_leggings":4,"minecraft:paper":31,"minecraft:string":22,"minecraft:bucket":1,"minecraft:spruce_sapling":2,"minecraft:redstone":366,"minecraft:dandelion":3,"minecraft:smooth_basalt":1,"minecraft:furnace":3,"minecraft:sweet_berries":15,"minecraft:stone_sword":1,"minecraft:tuff":83,"minecraft:stone_shovel":1,"minecraft:iron_boots":3,"minecraft:iron_hoe":1,"minecraft:name_tag":2,"minecraft:white_terracotta":5,"minecraft:totem_of_undying":1,"minecraft:pumpkin_seeds":2,"minecraft:suspicious_stew":12,"minecraft:lily_of_the_valley":1,"minecraft:diamond_sword":4,"minecraft:cobblestone_slab":2,"minecraft:potato":230,"minecraft:shield":2,"minecraft:spruce_planks":2,"minecraft:diamond_pickaxe":10,"minecraft:iron_chestplate":6,"minecraft:andesite":40,"minecraft:oak_boat":1,"minecraft:oak_sapling":44,"minecraft:golden_sword":2,"minecraft:spider_eye":5,"minecraft:bow":17,"minecraft:stone_pickaxe":3,"minecraft:wooden_pickaxe":1,"minecraft:raw_gold":1,"minecraft:calcite":1,"minecraft:magma_block":2,"minecraft:black_wool":1},"minecraft:killed_by":{"minecraft:zombified_piglin":1,"minecraft:vindicator":1,"minecraft:zombie":2,"minecraft:player":3,"minecraft:spider":1,"minecraft:enderman":1,"minecraft:iron_golem":1},"minecraft:killed":{"minecraft:cave_spider":16,"minecraft:zombified_piglin":9,"minecraft:witch":2,"minecraft:spider":18,"minecraft:skeleton":48,"minecraft:fox":2,"minecraft:chicken":1,"minecraft:wolf":1,"minecraft:piglin":12,"minecraft:pig":8,"minecraft:zombie_villager":1,"minecraft:iron_golem":3,"minecraft:creeper":8,"minecraft:sheep":12,"minecraft:pillager":7,"minecraft:zombie":86,"minecraft:ghast":1,"minecraft:cow":76,"minecraft:evoker":1,"minecraft:vindicator":2,"minecraft:drowned":5,"minecraft:bat":1,"minecraft:villager":1,"minecraft:enderman":9},"minecraft:broken":{"minecraft:iron_shovel":2,"minecraft:diamond_helmet":2,"minecraft:stone_pickaxe":3,"minecraft:diamond_boots":1,"minecraft:diamond_pickaxe":1,"minecraft:wooden_axe":1,"minecraft:iron_hoe":1,"minecraft:iron_pickaxe":4,"minecraft:golden_pickaxe":2},"minecraft:crafted":{"minecraft:grindstone":2,"minecraft:smooth_stone":8,"minecraft:oak_planks":1836,"minecraft:cobblestone_slab":6,"minecraft:birch_boat":2,"minecraft:stone":192,"minecraft:diamond_shovel":1,"minecraft:bookshelf":33,"minecraft:cooked_mutton":11,"minecraft:suspicious_stew":12,"minecraft:warped_planks":8,"minecraft:glass":97,"minecraft:bow":10,"minecraft:diamond_helmet":3,"minecraft:diamond_leggings":2,"minecraft:iron_boots":2,"minecraft:chest":73,"minecraft:oak_button":1,"minecraft:oak_fence":216,"minecraft:smoker":9,"minecraft:oak_slab":372,"minecraft:arrow":64,"minecraft:emerald":236,"minecraft:diamond_axe":2,"minecraft:crafting_table":22,"minecraft:spruce_planks":664,"minecraft:wooden_pickaxe":1,"minecraft:baked_potato":177,"minecraft:iron_helmet":1,"minecraft:birch_planks":1408,"minecraft:campfire":2,"minecraft:stone_brick_stairs":2,"minecraft:spruce_trapdoor":6,"minecraft:lectern":4,"minecraft:iron_chestplate":2,"minecraft:book":38,"minecraft:paper":2085,"minecraft:diamond_pickaxe":3,"minecraft:charcoal":64,"minecraft:shield":6,"minecraft:stick":2392,"minecraft:stone_slab":6,"minecraft:iron_ingot":307,"minecraft:compass":4,"minecraft:iron_pickaxe":7,"minecraft:iron_block":6,"minecraft:stone_sword":2,"minecraft:gold_ingot":66,"minecraft:golden_carrot":114,"minecraft:oak_door":3,"minecraft:cookie":144,"minecraft:smooth_stone_slab":6,"minecraft:furnace":33,"minecraft:bone_meal":42,"minecraft:spruce_fence":15,"minecraft:white_carpet":36,"minecraft:glass_pane":80,"minecraft:lantern":15,"minecraft:spruce_stairs":12,"minecraft:iron_axe":1,"minecraft:ladder":171,"minecraft:iron_hoe":3,"minecraft:stone_pickaxe":7,"minecraft:diamond_boots":3,"minecraft:wheat":333,"minecraft:cooked_beef":58,"minecraft:diamond_sword":2,"minecraft:spruce_sign":3,"minecraft:iron_sword":1,"minecraft:blue_bed":1,"minecraft:bucket":3,"minecraft:stone_axe":2,"minecraft:enchanted_book":8,"minecraft:bread":111,"minecraft:air":0,"minecraft:blue_dye":1,"minecraft:oak_boat":3,"minecraft:white_wool":25,"minecraft:oak_stairs":8,"minecraft:birch_trapdoor":6,"minecraft:wooden_axe":6,"minecraft:iron_shovel":15,"minecraft:iron_leggings":2,"minecraft:anvil":2,"minecraft:white_bed":3,"minecraft:pumpkin_pie":36,"minecraft:torch":804,"minecraft:diamond_chestplate":2,"minecraft:firework_rocket":6}},"DataVersion":3700}