{"stats":{"minecraft:mined":{"minecraft:white_bed":21,"minecraft:jungle_leaves":5,"minecraft:obsidian":25,"minecraft:granite":86,"minecraft:jungle_log":26,"minecraft:deepslate_bricks":64,"minecraft:crimson_fungus":1,"minecraft:nether_wart":9,"minecraft:spawner":14,"minecraft:polished_blackstone_bricks":17,"minecraft:weeping_vines_plant":1,"minecraft:tall_seagrass":1,"minecraft:magma_block":11,"minecraft:cobbled_deepslate":21,"minecraft:fire":102,"minecraft:pumpkin":35,"minecraft:fletching_table":9,"minecraft:deepslate_lapis_ore":53,"minecraft:enchanting_table":3,"minecraft:twisting_vines":1,"minecraft:dirt_path":4,"minecraft:oak_stairs":17,"minecraft:smoker":4,"minecraft:crimson_nylium":44,"minecraft:soul_fire":24,"minecraft:torch":70,"minecraft:blast_furnace":2,"minecraft:sugar_cane":3445,"minecraft:amethyst_block":2,"minecraft:birch_sapling":9,"minecraft:white_terracotta":8,"minecraft:wheat":232,"minecraft:stone_brick_stairs":14,"minecraft:smooth_basalt":1,"minecraft:stonecutter":5,"minecraft:deepslate":1154,"minecraft:deepslate_tiles":4,"minecraft:mossy_cobblestone":10,"minecraft:end_stone":55,"minecraft:nether_bricks":60,"minecraft:crimson_roots":3,"minecraft:moss_block":1,"minecraft:redstone_ore":6,"minecraft:andesite":572,"minecraft:mossy_stone_brick_stairs":1,"minecraft:potatoes":1604,"minecraft:cobblestone_slab":6,"minecraft:vine":5,"minecraft:rail":4,"minecraft:warped_stem":2,"minecraft:oak_slab":18,"minecraft:glass_pane":9,"minecraft:soul_sand":2,"minecraft:lily_of_the_valley":26,"minecraft:dandelion":2,"minecraft:cornflower":2,"minecraft:short_grass":250,"minecraft:warped_roots":8,"minecraft:campfire":2,"minecraft:tall_grass":87,"minecraft:copper_ore":30,"minecraft:deepslate_gold_ore":89,"minecraft:diorite":843,"minecraft:warped_wart_block":2,"minecraft:white_carpet":6,"minecraft:spruce_log":1599,"minecraft:birch_leaves":17,"minecraft:gravel":68,"minecraft:cobweb":72,"minecraft:stone_bricks":32,"minecraft:gold_ore":22,"minecraft:fern":1,"minecraft:spruce_planks":36,"minecraft:farmland":3,"minecraft:grass_block":1420,"minecraft:cracked_polished_blackstone_bricks":7,"minecraft:polished_diorite":170,"minecraft:composter":35,"minecraft:iron_ore":179,"minecraft:anvil":3,"minecraft:red_tulip":1,"minecraft:iron_bars":1,"minecraft:deepslate_redstone_ore":65,"minecraft:blackstone":74,"minecraft:twisting_vines_plant":3,"minecraft:clay":4,"minecraft:calcite":1,"minecraft:chest":24,"minecraft:nether_quartz_ore":1287,"minecraft:cobblestone":185,"minecraft:grindstone":3,"minecraft:oak_planks":43,"minecraft:wall_torch":42,"minecraft:warped_nylium":129,"minecraft:nether_wart_block":4,"minecraft:birch_log":427,"minecraft:oak_log":815,"minecraft:sand":397,"minecraft:dirt":964,"minecraft:wither_skeleton_skull":1,"minecraft:netherrack":4138,"minecraft:ancient_debris":29,"minecraft:oak_leaves":238,"minecraft:nether_gold_ore":69,"minecraft:tuff":146,"minecraft:deepslate_diamond_ore":157,"minecraft:oak_door":1,"minecraft:ladder":5,"minecraft:spruce_leaves":252,"minecraft:crimson_stem":14,"minecraft:large_fern":22,"minecraft:hay_block":37,"minecraft:furnace":9,"minecraft:carrots":675,"minecraft:nether_sprouts":2,"minecraft:gold_block":4,"minecraft:bell":3,"minecraft:nether_brick_fence":2,"minecraft:bookshelf":24,"minecraft:deepslate_iron_ore":126,"minecraft:stripped_oak_log":19,"minecraft:packed_ice":35,"minecraft:stone":3168,"minecraft:podzol":55,"minecraft:basalt":199,"minecraft:oak_fence":21,"minecraft:crafting_table":6,"minecraft:lectern":211,"minecraft:blue_bed":13,"minecraft:spruce_stairs":8,"minecraft:birch_planks":34,"minecraft:sweet_berry_bush":12,"minecraft:white_wall_banner":1,"minecraft:yellow_bed":8,"minecraft:coal_ore":531,"minecraft:polished_andesite":78,"minecraft:mossy_stone_bricks":3},"minecraft:used":{"minecraft:poppy":3,"minecraft:ladder":360,"minecraft:chest":97,"minecraft:stone":34,"minecraft:lily_of_the_valley":1,"minecraft:lava_bucket":15,"minecraft:grass_block":1,"minecraft:birch_sapling":53,"minecraft:stone_brick_stairs":18,"minecraft:netherite_boots":1,"minecraft:bow":167,"minecraft:sweet_berries":5,"minecraft:oak_sapling":3,"minecraft:furnace":21,"minecraft:egg":4,"minecraft:potato":1672,"minecraft:diorite":75,"minecraft:wooden_pickaxe":3,"minecraft:composter":35,"minecraft:golden_apple":22,"minecraft:sand":32,"minecraft:blast_furnace":2,"minecraft:netherite_helmet":3,"minecraft:deepslate_tiles":4,"minecraft:lectern":218,"minecraft:diamond_sword":832,"minecraft:fire_charge":1,"minecraft:smithing_table":1,"minecraft:oak_boat":7,"minecraft:enchanting_table":4,"minecraft:stone_sword":64,"minecraft:netherrack":1021,"minecraft:torch":1005,"minecraft:dragon_egg":1,"minecraft:anvil":9,"minecraft:warped_wart_block":2,"minecraft:polished_diorite":563,"minecraft:iron_axe":104,"minecraft:jungle_log":4,"minecraft:diamond_chestplate":1,"minecraft:basalt":3,"minecraft:beef":5,"minecraft:cobbled_deepslate":330,"minecraft:wheat_seeds":227,"minecraft:water_bucket":200,"minecraft:birch_planks":288,"minecraft:fletching_table":15,"minecraft:deepslate_bricks":64,"minecraft:polished_blackstone_bricks":17,"minecraft:rail":2,"minecraft:crafting_table":30,"minecraft:oak_slab":44,"minecraft:white_bed":20,"minecraft:campfire":2,"minecraft:spruce_log":30,"minecraft:oak_log":199,"minecraft:ender_eye":18,"minecraft:diamond_pickaxe":11616,"minecraft:cornflower":1,"minecraft:diamond_shovel":1752,"minecraft:iron_pickaxe":1127,"minecraft:suspicious_stew":3,"minecraft:spruce_trapdoor":2,"minecraft:spruce_sapling":68,"minecraft:cobblestone":1182,"minecraft:cooked_porkchop":3,"minecraft:glass_pane":69,"minecraft:stripped_oak_log":1,"minecraft:dandelion":1,"minecraft:diamond_leggings":3,"minecraft:iron_shovel":886,"minecraft:shield":172,"minecraft:white_terracotta":5,"minecraft:iron_sword":40,"minecraft:bell":3,"minecraft:mutton":3,"minecraft:nether_bricks":47,"minecraft:carrot":873,"minecraft:tuff":31,"minecraft:obsidian":1,"minecraft:lantern":38,"minecraft:warped_nylium":2,"minecraft:stone_bricks":191,"minecraft:birch_trapdoor":2,"minecraft:magma_block":3,"minecraft:warped_fungus":1,"minecraft:diamond_boots":1,"minecraft:wither_skeleton_skull":2,"minecraft:stone_pickaxe":527,"minecraft:oak_planks":263,"minecraft:ender_pearl":17,"minecraft:sugar_cane":526,"minecraft:diamond_axe":2758,"minecraft:blue_bed":16,"minecraft:white_wool":2,"minecraft:netherite_leggings":1,"minecraft:crossbow":10,"minecraft:end_stone":21,"minecraft:shears":145,"minecraft:firework_rocket":6,"minecraft:bread":67,"minecraft:gravel":27,"minecraft:grindstone":6,"minecraft:andesite":58,"minecraft:bone_meal":122,"minecraft:golden_pickaxe":64,"minecraft:oak_fence":222,"minecraft:netherite_sword":505,"minecraft:flint_and_steel":4,"minecraft:spruce_planks":297,"minecraft:stone_hoe":1,"minecraft:oak_door":2,"minecraft:dirt":1569,"minecraft:white_carpet":13,"minecraft:spruce_stairs":18,"minecraft:diamond_helmet":1,"minecraft:salmon_bucket":1,"minecraft:spruce_fence":9,"minecraft:granite":45,"minecraft:iron_hoe":386,"minecraft:wooden_axe":45,"minecraft:bookshelf":56,"minecraft:red_tulip":1,"minecraft:oak_stairs":9,"minecraft:golden_carrot":157,"minecraft:netherite_pickaxe":2200,"minecraft:cooked_beef":100,"minecraft:cooked_mutton":8,"minecraft:polished_andesite":83,"minecraft:netherite_chestplate":1,"minecraft:baked_potato":163,"minecraft:birch_boat":26,"minecraft:brown_mushroom":1,"minecraft:spruce_sign":3,"minecraft:stonecutter":5,"minecraft:cobblestone_slab":8,"minecraft:warped_roots":2,"minecraft:red_mushroom":2,"minecraft:smoker":13,"minecraft:warped_planks":5,"minecraft:apple":4,"minecraft:cracked_polished_blackstone_bricks":4,"minecraft:netherite_axe":1198,"minecraft:stone_axe":36,"minecraft:fishing_rod":12,"minecraft:white_banner":4,"minecraft:bucket":220,"minecraft:yellow_bed":9},"minecraft:picked_up":{"minecraft:wooden_axe":4,"minecraft:iron_chestplate":2,"minecraft:chainmail_boots":3,"minecraft:suspicious_stew":6,"minecraft:anvil":3,"minecraft:diamond_sword":11,"minecraft:oak_stairs":17,"minecraft:enchanted_book":3,"minecraft:golden_sword":4,"minecraft:amethyst_block":2,"minecraft:string":132,"minecraft:diamond_leggings":8,"minecraft:gold_nugget":534,"minecraft:cobbled_deepslate":1407,"minecraft:spruce_planks":35,"minecraft:netherite_upgrade_smithing_template":2,"minecraft:golden_helmet":1,"minecraft:composter":36,"minecraft:stone_sword":6,"minecraft:red_tulip":1,"minecraft:white_terracotta":11,"minecraft:netherite_chestplate":1,"minecraft:blaze_rod":70,"minecraft:iron_bars":2,"minecraft:birch_log":429,"minecraft:magma_block":6,"minecraft:feather":6,"minecraft:cooked_beef":178,"minecraft:water_bucket":9,"minecraft:jungle_log":26,"minecraft:smoker":6,"minecraft:flint":30,"minecraft:netherite_leggings":1,"minecraft:twisting_vines":10,"minecraft:stonecutter":5,"minecraft:rabbit":1,"minecraft:diamond_helmet":7,"minecraft:moss_block":1,"minecraft:warped_wart_block":2,"minecraft:ink_sac":14,"minecraft:iron_hoe":1,"minecraft:polished_andesite":78,"minecraft:granite":89,"minecraft:bread":61,"minecraft:diamond_pickaxe":21,"minecraft:crimson_roots":4,"minecraft:spruce_leaves":182,"minecraft:crafting_table":8,"minecraft:nether_wart":9,"minecraft:clay_ball":16,"minecraft:cornflower":6,"minecraft:white_carpet":8,"minecraft:iron_shovel":15,"minecraft:netherite_sword":1,"minecraft:beef":264,"minecraft:jungle_sapling":4,"minecraft:poppy":14,"minecraft:chest":24,"minecraft:birch_sapling":144,"minecraft:egg":11,"minecraft:oak_door":1,"minecraft:fire_charge":2,"minecraft:carrot":2969,"minecraft:redstone":366,"minecraft:netherite_pickaxe":4,"minecraft:stone_shovel":1,"minecraft:diamond_chestplate":8,"minecraft:deepslate_bricks":64,"minecraft:diamond_boots":6,"minecraft:hay_block":37,"minecraft:gold_ingot":15,"minecraft:totem_of_undying":4,"minecraft:glow_berries":20,"minecraft:mutton":37,"minecraft:white_wool":35,"minecraft:rail":84,"minecraft:stripped_oak_log":19,"minecraft:red_mushroom":3,"minecraft:oak_log":846,"minecraft:ancient_debris":29,"minecraft:blue_bed":15,"minecraft:paper":22,"minecraft:white_banner":7,"minecraft:stone_bricks":32,"minecraft:apple":20,"minecraft:warped_stem":4,"minecraft:glass_bottle":4,"minecraft:iron_sword":4,"minecraft:smooth_basalt":1,"minecraft:sweet_berries":20,"minecraft:gravel":54,"minecraft:spruce_sapling":93,"minecraft:spruce_log":1594,"minecraft:crying_obsidian":3,"minecraft:dragon_egg":1,"minecraft:diamond_shovel":2,"minecraft:polished_diorite":170,"minecraft:stone_axe":3,"minecraft:diamond_axe":6,"minecraft:warped_roots":36,"minecraft:baked_potato":209,"minecraft:melon_seeds":8,"minecraft:warped_nylium":11,"minecraft:ender_pearl":54,"minecraft:wheat":228,"minecraft:nether_brick_fence":22,"minecraft:stone_brick_stairs":17,"minecraft:raw_copper":100,"minecraft:iron_leggings":1,"minecraft:netherite_ingot":1,"minecraft:activator_rail":8,"minecraft:deepslate_tiles":4,"minecraft:cobblestone_slab":4,"minecraft:ender_eye":6,"minecraft:calcite":1,"minecraft:iron_pickaxe":3,"minecraft:iron_boots":3,"minecraft:furnace":9,"minecraft:tipped_arrow":12,"minecraft:stick":445,"minecraft:oak_fence":25,"minecraft:torch":746,"minecraft:spruce_stairs":8,"minecraft:porkchop":27,"minecraft:diorite":837,"minecraft:rotten_flesh":110,"minecraft:obsidian":32,"minecraft:cod":1,"minecraft:cobblestone":3332,"minecraft:enchanting_table":3,"minecraft:magma_cream":1,"minecraft:andesite":556,"minecraft:potato":6981,"minecraft:tuff":171,"minecraft:wither_skeleton_skull":2,"minecraft:lapis_lazuli":507,"minecraft:dirt":2820,"minecraft:name_tag":6,"minecraft:glass":28,"minecraft:bone":128,"minecraft:bow":22,"minecraft:wheat_seeds":771,"minecraft:raw_gold":166,"minecraft:bell":3,"minecraft:grindstone":4,"minecraft:netherite_axe":1,"minecraft:mossy_stone_bricks":2,"minecraft:fletching_table":9,"minecraft:oak_planks":126,"minecraft:stone_hoe":6,"minecraft:mossy_stone_brick_stairs":1,"minecraft:ghast_tear":2,"minecraft:cooked_porkchop":5,"minecraft:poisonous_potato":31,"minecraft:sand":400,"minecraft:nether_brick_stairs":1,"minecraft:grass_block":4,"minecraft:lily_of_the_valley":26,"minecraft:spectral_arrow":18,"minecraft:mossy_cobblestone":9,"minecraft:diamond":310,"minecraft:netherite_helmet":1,"minecraft:cracked_polished_blackstone_bricks":7,"minecraft:crossbow":5,"minecraft:bone_meal":1,"minecraft:golden_apple":12,"minecraft:emerald":66,"minecraft:oak_sapling":203,"minecraft:netherrack":2424,"minecraft:fishing_rod":1,"minecraft:charcoal":4,"minecraft:chicken":2,"minecraft:ladder":304,"minecraft:chest_minecart":4,"minecraft:brown_mushroom":6,"minecraft:gold_block":3,"minecraft:shield":10,"minecraft:iron_axe":3,"minecraft:blackstone":65,"minecraft:oak_boat":7,"minecraft:lectern":212,"minecraft:sugar_cane":5779,"minecraft:raw_iron":372,"minecraft:end_stone":63,"minecraft:bowl":1,"minecraft:polished_blackstone_bricks":17,"minecraft:cookie":2,"minecraft:iron_horse_armor":1,"minecraft:arrow":334,"minecraft:weeping_vines":1,"minecraft:pumpkin_pie":3,"minecraft:nether_bricks":61,"minecraft:saddle":3,"minecraft:netherite_boots":1,"minecraft:basalt":72,"minecraft:golden_carrot":80,"minecraft:glow_ink_sac":2,"minecraft:crimson_stem":20,"minecraft:salmon":14,"minecraft:leather":158,"minecraft:birch_planks":33,"minecraft:crimson_fungus":1,"minecraft:chainmail_chestplate":2,"minecraft:yellow_bed":9,"minecraft:nether_wart_block":5,"minecraft:gunpowder":17,"minecraft:iron_ingot":324,"minecraft:soul_sand":2,"minecraft:book":102,"minecraft:oak_slab":20,"minecraft:warped_fungus":5,"minecraft:pumpkin":50,"minecraft:birch_boat":26,"minecraft:quartz":1964,"minecraft:dandelion":28,"minecraft:blast_furnace":2,"minecraft:white_bed":19,"minecraft:spider_eye":10,"minecraft:pumpkin_seeds":2,"minecraft:chainmail_leggings":4,"minecraft:iron_helmet":13,"minecraft:black_wool":3,"minecraft:coal":687},"minecraft:custom":{"minecraft:interact_with_crafting_table":198,"minecraft:bell_ring":72,"minecraft:leave_game":44,"minecraft:time_since_death":918,"minecraft:damage_blocked_by_shield":9970,"minecraft:play_time":1814407,"minecraft:deaths":12,"minecraft:jump":25715,"minecraft:enchant_item":27,"minecraft:interact_with_furnace":156,"minecraft:traded_with_villager":1168,"minecraft:sleep_in_bed":66,"minecraft:damage_dealt":110638,"minecraft:interact_with_smoker":119,"minecraft:horse_one_cm":64162,"minecraft:interact_with_smithing_table":26,"minecraft:interact_with_anvil":37,"minecraft:inspect_hopper":1,"minecraft:sneak_time":74060,"minecraft:interact_with_blast_furnace":13,"minecraft:total_world_time":1814407,"minecraft:interact_with_stonecutter":13,"minecraft:time_since_rest":968,"minecraft:swim_one_cm":487411,"minecraft:fly_one_cm":5621793,"minecraft:open_chest":1479,"minecraft:fish_caught":1,"minecraft:fall_one_cm":564590,"minecraft:animals_bred":21,"minecraft:sprint_one_cm":5926819,"minecraft:drop":876,"minecraft:talked_to_villager":1001,"minecraft:walk_on_water_one_cm":185947,"minecraft:player_kills":8,"minecraft:crouch_one_cm":226966,"minecraft:mob_kills":574,"minecraft:interact_with_campfire":8,"minecraft:climb_one_cm":171792,"minecraft:walk_one_cm":4574030,"minecraft:raid_win":2,"minecraft:walk_under_water_one_cm":99518,"minecraft:boat_one_cm":374912,"minecraft:interact_with_grindstone":20,"minecraft:damage_taken":29405,"minecraft:damage_absorbed":851},"minecraft:dropped":{"minecraft:crimson_stem":6,"minecraft:iron_sword":4,"minecraft:porkchop":12,"minecraft:lapis_lazuli":42,"minecraft:cooked_beef":30,"minecraft:glow_ink_sac":2,"minecraft:glass_bottle":4,"minecraft:diamond":79,"minecraft:crafting_table":1,"minecraft:crossbow":2,"minecraft:weeping_vines":1,"minecraft:cookie":272,"minecraft:glow_berries":20,"minecraft:warped_roots":19,"minecraft:saddle":1,"minecraft:rail":79,"minecraft:red_mushroom":1,"minecraft:emerald":46,"minecraft:dirt":285,"minecraft:gold_nugget":52,"minecraft:bone_meal":7,"minecraft:sand":7,"minecraft:iron_pickaxe":5,"minecraft:fishing_rod":2,"minecraft:white_wool":23,"minecraft:bone":112,"minecraft:oak_door":1,"minecraft:stone_axe":4,"minecraft:compass":4,"minecraft:sugar_cane":2,"minecraft:cobbled_deepslate":540,"minecraft:birch_sapling":4,"minecraft:wheat":18,"minecraft:obsidian":16,"minecraft:rotten_flesh":87,"minecraft:oak_planks":31,"minecraft:blaze_powder":20,"minecraft:nether_brick_fence":22,"minecraft:salmon":2,"minecraft:tipped_arrow":9,"minecraft:glass":88,"minecraft:crying_obsidian":3,"minecraft:stone_brick_stairs":3,"minecraft:lectern":1,"minecraft:egg":1,"minecraft:enchanted_book":3,"minecraft:iron_ingot":7,"minecraft:netherite_pickaxe":3,"minecraft:wheat_seeds":340,"minecraft:oak_fence":9,"minecraft:iron_helmet":22,"minecraft:feather":2,"minecraft:cobblestone":694,"minecraft:book":2,"minecraft:granite":16,"minecraft:chainmail_helmet":8,"minecraft:coal":103,"minecraft:golden_apple":11,"minecraft:diamond_horse_armor":1,"minecraft:golden_carrot":2,"minecraft:ink_sac":11,"minecraft:wooden_axe":3,"minecraft:chainmail_leggings":4,"minecraft:iron_shovel":4,"minecraft:paper":31,"minecraft:string":39,"minecraft:spruce_sapling":3,"minecraft:furnace":3,"minecraft:netherite_ingot":1,"minecraft:stone_sword":7,"minecraft:bowl":4,"minecraft:stone_shovel":1,"minecraft:iron_boots":3,"minecraft:name_tag":2,"minecraft:white_terracotta":5,"minecraft:nether_bricks":14,"minecraft:pumpkin_seeds":2,"minecraft:suspicious_stew":31,"minecraft:lily_of_the_valley":1,"minecraft:diamond_sword":4,"minecraft:potato":240,"minecraft:cobblestone_slab":2,"minecraft:stone":222,"minecraft:spruce_planks":9,"minecraft:diamond_pickaxe":10,"minecraft:spider_eye":5,"minecraft:stone_bricks":1,"minecraft:bow":27,"minecraft:magma_block":2,"minecraft:black_wool":1,"minecraft:nether_brick_stairs":1,"minecraft:soul_sand":2,"minecraft:birch_planks":1,"minecraft:brown_mushroom":5,"minecraft:diamond_axe":1,"minecraft:warped_fungus":4,"minecraft:baked_potato":98,"minecraft:ender_pearl":9,"minecraft:netherite_upgrade_smithing_template":9,"minecraft:lantern":1,"minecraft:leather":22,"minecraft:chest_minecart":4,"minecraft:flint":9,"minecraft:spruce_leaves":152,"minecraft:mutton":12,"minecraft:crimson_roots":4,"minecraft:pumpkin_pie":39,"minecraft:gold_ingot":99,"minecraft:gravel":25,"minecraft:crimson_fungus":1,"minecraft:blackstone":65,"minecraft:diamond_shovel":1,"minecraft:cooked_mutton":3,"minecraft:carrot":166,"minecraft:chainmail_chestplate":2,"minecraft:poppy":39,"minecraft:gunpowder":13,"minecraft:melon_seeds":8,"minecraft:chainmail_boots":3,"minecraft:basalt":69,"minecraft:iron_bars":2,"minecraft:arrow":114,"minecraft:quartz":201,"minecraft:netherrack":1288,"minecraft:water_bucket":2,"minecraft:stone_hoe":6,"minecraft:bread":60,"minecraft:oak_slab":13,"minecraft:golden_helmet":1,"minecraft:mossy_cobblestone":8,"minecraft:poisonous_potato":29,"minecraft:spectral_arrow":22,"minecraft:amethyst_block":2,"minecraft:activator_rail":8,"minecraft:grass_block":1,"minecraft:stick":52,"minecraft:diorite":65,"minecraft:nether_wart_block":5,"minecraft:fire_charge":2,"minecraft:iron_leggings":4,"minecraft:iron_axe":3,"minecraft:bucket":1,"minecraft:dandelion":3,"minecraft:smooth_basalt":1,"minecraft:redstone":366,"minecraft:sweet_berries":15,"minecraft:warped_nylium":8,"minecraft:tuff":86,"minecraft:raw_iron":2,"minecraft:iron_hoe":1,"minecraft:ender_eye":4,"minecraft:totem_of_undying":1,"minecraft:shield":3,"minecraft:iron_chestplate":6,"minecraft:andesite":40,"minecraft:mossy_stone_bricks":2,"minecraft:oak_boat":1,"minecraft:oak_sapling":44,"minecraft:golden_sword":4,"minecraft:stone_pickaxe":3,"minecraft:wooden_pickaxe":1,"minecraft:raw_gold":1,"minecraft:magma_cream":1,"minecraft:calcite":1},"minecraft:killed_by":{"minecraft:vindicator":1,"minecraft:zombie":2,"minecraft:zombified_piglin":1,"minecraft:player":4,"minecraft:spider":1,"minecraft:enderman":1,"minecraft:iron_golem":1},"minecraft:killed":{"minecraft:cave_spider":16,"minecraft:skeleton":50,"minecraft:fox":2,"minecraft:chicken":1,"minecraft:magma_cube":25,"minecraft:salmon":13,"minecraft:iron_golem":9,"minecraft:ender_dragon":1,"minecraft:pillager":7,"minecraft:zombie":92,"minecraft:cow":117,"minecraft:evoker":1,"minecraft:vindicator":2,"minecraft:enderman":42,"minecraft:zombified_piglin":13,"minecraft:witch":3,"minecraft:spider":20,"minecraft:silverfish":1,"minecraft:wolf":1,"minecraft:piglin":23,"minecraft:pig":8,"minecraft:zombie_villager":1,"minecraft:creeper":8,"minecraft:sheep":12,"minecraft:ghast":2,"minecraft:blaze":45,"minecraft:drowned":6,"minecraft:bat":1,"minecraft:hoglin":6,"minecraft:wither_skeleton":39,"minecraft:villager":1},"minecraft:broken":{"minecraft:diamond_helmet":2,"minecraft:diamond_pickaxe":1,"minecraft:iron_hoe":1,"minecraft:iron_pickaxe":4,"minecraft:iron_shovel":2,"minecraft:stone_pickaxe":3,"minecraft:diamond_boots":1,"minecraft:wooden_axe":1,"minecraft:golden_pickaxe":2},"minecraft:crafted":{"minecraft:smooth_stone":8,"minecraft:blaze_powder":36,"minecraft:birch_boat":2,"minecraft:diamond_shovel":2,"minecraft:bookshelf":60,"minecraft:cooked_mutton":11,"minecraft:glass":161,"minecraft:quartz_block":131,"minecraft:diamond_helmet":4,"minecraft:diamond_leggings":3,"minecraft:netherite_boots":2,"minecraft:emerald":877,"minecraft:diamond_axe":2,"minecraft:smithing_table":1,"minecraft:fletching_table":8,"minecraft:campfire":2,"minecraft:stone_brick_stairs":2,"minecraft:lectern":6,"minecraft:stone_slab":6,"minecraft:compass":4,"minecraft:iron_pickaxe":7,"minecraft:iron_block":18,"minecraft:gold_ingot":154,"minecraft:netherite_ingot":7,"minecraft:golden_carrot":252,"minecraft:smooth_stone_slab":6,"minecraft:bone_meal":420,"minecraft:spruce_fence":15,"minecraft:white_carpet":36,"minecraft:rib_armor_trim_smithing_template":4,"minecraft:lantern":39,"minecraft:netherite_axe":1,"minecraft:spruce_stairs":12,"minecraft:ladder":171,"minecraft:stone_pickaxe":7,"minecraft:diamond_boots":4,"minecraft:wheat":333,"minecraft:netherite_pickaxe":1,"minecraft:blue_bed":1,"minecraft:enchanted_book":30,"minecraft:golden_apple":7,"minecraft:birch_trapdoor":6,"minecraft:wooden_axe":6,"minecraft:oak_stairs":8,"minecraft:iron_shovel":15,"minecraft:iron_leggings":2,"minecraft:white_bed":3,"minecraft:grindstone":2,"minecraft:oak_planks":1964,"minecraft:cobblestone_slab":6,"minecraft:stone":192,"minecraft:suspicious_stew":28,"minecraft:warped_planks":8,"minecraft:bow":17,"minecraft:iron_boots":2,"minecraft:chest":73,"minecraft:netherite_helmet":2,"minecraft:oak_button":1,"minecraft:netherite_upgrade_smithing_template":30,"minecraft:ender_eye":16,"minecraft:oak_fence":216,"minecraft:smoker":9,"minecraft:oak_slab":396,"minecraft:arrow":128,"minecraft:crafting_table":24,"minecraft:spruce_planks":6256,"minecraft:iron_helmet":1,"minecraft:wooden_pickaxe":1,"minecraft:baked_potato":241,"minecraft:birch_planks":1440,"minecraft:apple":36,"minecraft:spruce_trapdoor":6,"minecraft:book":84,"minecraft:iron_chestplate":2,"minecraft:paper":4398,"minecraft:diamond_pickaxe":3,"minecraft:charcoal":64,"minecraft:shield":8,"minecraft:stick":14031,"minecraft:iron_ingot":339,"minecraft:stone_sword":2,"minecraft:shears":2,"minecraft:cookie":270,"minecraft:oak_door":3,"minecraft:fishing_rod":2,"minecraft:netherite_sword":1,"minecraft:furnace":33,"minecraft:glass_pane":80,"minecraft:flint_and_steel":1,"minecraft:netherite_chestplate":2,"minecraft:netherite_leggings":2,"minecraft:iron_axe":1,"minecraft:iron_hoe":3,"minecraft:netherite_scrap":29,"minecraft:cooked_beef":114,"minecraft:diamond_sword":2,"minecraft:spruce_sign":3,"minecraft:iron_sword":1,"minecraft:bucket":3,"minecraft:stone_axe":2,"minecraft:air":0,"minecraft:bread":111,"minecraft:jungle_planks":88,"minecraft:blue_dye":1,"minecraft:oak_boat":3,"minecraft:white_wool":25,"minecraft:anvil":6,"minecraft:pumpkin_pie":36,"minecraft:torch":804,"minecraft:diamond_chestplate":3,"minecraft:firework_rocket":6}},"DataVersion":3700}