{"stats":{"minecraft:mined":{"minecraft:white_bed":1,"minecraft:oak_sapling":3,"minecraft:cherry_log":2,"minecraft:cobblestone_stairs":5,"minecraft:sculk_vein":34,"minecraft:obsidian":39,"minecraft:granite":21,"minecraft:chiseled_polished_blackstone":4,"minecraft:grass_block":138,"minecraft:cracked_polished_blackstone_bricks":22,"minecraft:spawner":1,"minecraft:gilded_blackstone":3,"minecraft:tall_seagrass":4,"minecraft:polished_blackstone_bricks":96,"minecraft:weeping_vines_plant":1,"minecraft:magma_block":4,"minecraft:raw_iron_block":3,"minecraft:sculk_catalyst":3,"minecraft:iron_ore":65,"minecraft:cobbled_deepslate":71,"minecraft:fire":67,"minecraft:deepslate_lapis_ore":13,"minecraft:twisting_vines":15,"minecraft:sculk_shrieker":1,"minecraft:pointed_dripstone":1,"minecraft:oak_stairs":6,"minecraft:deepslate_redstone_ore":6,"minecraft:red_bed":1,"minecraft:blackstone":172,"minecraft:twisting_vines_plant":33,"minecraft:torch":73,"minecraft:calcite":3,"minecraft:poppy":1,"minecraft:melon":2,"minecraft:chest":2,"minecraft:cobblestone":23,"minecraft:sugar_cane":12,"minecraft:oak_planks":48,"minecraft:wall_torch":27,"minecraft:amethyst_block":5,"minecraft:deepslate_copper_ore":3,"minecraft:pink_petals":31,"minecraft:seagrass":7,"minecraft:warped_nylium":5,"minecraft:warped_planks":11,"minecraft:nether_wart_block":1,"minecraft:birch_log":6,"minecraft:wheat":51,"minecraft:warped_fungus":1,"minecraft:oak_log":227,"minecraft:sand":120,"minecraft:dirt":145,"minecraft:smooth_basalt":2,"minecraft:netherrack":129,"minecraft:oak_leaves":108,"minecraft:deepslate":3629,"minecraft:infested_deepslate":1,"minecraft:diamond_ore":5,"minecraft:tuff":561,"minecraft:deepslate_diamond_ore":168,"minecraft:crimson_roots":1,"minecraft:spruce_leaves":10,"minecraft:red_mushroom":2,"minecraft:crimson_stem":2,"minecraft:hay_block":27,"minecraft:furnace":9,"minecraft:carrots":9,"minecraft:nether_sprouts":2,"minecraft:suspicious_sand":1,"minecraft:andesite":37,"minecraft:gold_block":11,"minecraft:potatoes":119,"minecraft:deepslate_iron_ore":78,"minecraft:shroomlight":8,"minecraft:warped_stem":65,"minecraft:stone":411,"minecraft:soul_sand":3,"minecraft:basalt":6,"minecraft:dandelion":1,"minecraft:crafting_table":6,"minecraft:short_grass":213,"minecraft:warped_roots":5,"minecraft:sculk_sensor":2,"minecraft:tall_grass":45,"minecraft:lapis_ore":4,"minecraft:deepslate_gold_ore":36,"minecraft:polished_blackstone_brick_stairs":1,"minecraft:sculk":730,"minecraft:diorite":36,"minecraft:warped_wart_block":41,"minecraft:coal_ore":141,"minecraft:cherry_leaves":13,"minecraft:gravel":119,"minecraft:cobweb":31,"minecraft:gold_ore":8},"minecraft:used":{"minecraft:diamond_hoe":438,"minecraft:chest":5,"minecraft:shield":115,"minecraft:iron_sword":235,"minecraft:rotten_flesh":64,"minecraft:iron_chestplate":3,"minecraft:mutton":1,"minecraft:carrot":24,"minecraft:tuff":14,"minecraft:weeping_vines":1,"minecraft:obsidian":20,"minecraft:lantern":1,"minecraft:iron_helmet":3,"minecraft:crimson_roots":1,"minecraft:warped_fungus":1,"minecraft:furnace":18,"minecraft:oak_sapling":38,"minecraft:potato":123,"minecraft:diorite":10,"minecraft:diamond_boots":2,"minecraft:stone_pickaxe":262,"minecraft:oak_planks":711,"minecraft:blackstone":125,"minecraft:wooden_pickaxe":14,"minecraft:sugar_cane":17,"minecraft:diamond_axe":78,"minecraft:white_wool":1,"minecraft:golden_apple":1,"minecraft:glow_berries":9,"minecraft:sand":25,"minecraft:bread":55,"minecraft:gravel":26,"minecraft:nether_wart_block":1,"minecraft:diamond_sword":428,"minecraft:andesite":32,"minecraft:oak_boat":2,"minecraft:bone_meal":84,"minecraft:oak_fence":1,"minecraft:stone_sword":95,"minecraft:flint_and_steel":66,"minecraft:redstone":2,"minecraft:cooked_salmon":2,"minecraft:netherrack":52,"minecraft:torch":649,"minecraft:dirt":194,"minecraft:warped_wart_block":32,"minecraft:twisting_vines":54,"minecraft:diamond_helmet":3,"minecraft:granite":1,"minecraft:shroomlight":2,"minecraft:iron_hoe":606,"minecraft:iron_axe":265,"minecraft:oak_stairs":6,"minecraft:iron_boots":3,"minecraft:crimson_planks":8,"minecraft:diamond_chestplate":4,"minecraft:beef":13,"minecraft:cooked_beef":5,"minecraft:cobbled_deepslate":414,"minecraft:iron_leggings":3,"minecraft:wheat_seeds":51,"minecraft:cooked_mutton":7,"minecraft:water_bucket":24,"minecraft:cobblestone_stairs":25,"minecraft:baked_potato":33,"minecraft:cherry_planks":8,"minecraft:warped_roots":1,"minecraft:polished_blackstone_bricks":82,"minecraft:crafting_table":20,"minecraft:red_bed":2,"minecraft:red_mushroom":2,"minecraft:white_bed":1,"minecraft:warped_planks":136,"minecraft:oak_log":1,"minecraft:diamond_pickaxe":4801,"minecraft:apple":20,"minecraft:diamond_shovel":468,"minecraft:cracked_polished_blackstone_bricks":3,"minecraft:chicken":2,"minecraft:iron_pickaxe":964,"minecraft:stone_axe":264,"minecraft:fishing_rod":8,"minecraft:cobblestone":127,"minecraft:porkchop":3,"minecraft:bucket":24,"minecraft:diamond_leggings":3},"minecraft:picked_up":{"minecraft:iron_chestplate":7,"minecraft:wheat":51,"minecraft:lead":4,"minecraft:diamond_sword":2,"minecraft:oak_stairs":7,"minecraft:enchanted_book":3,"minecraft:amethyst_block":5,"minecraft:string":52,"minecraft:iron_leggings":5,"minecraft:shroomlight":14,"minecraft:diamond_leggings":3,"minecraft:cobbled_deepslate":2455,"minecraft:bucket":2,"minecraft:calcite":3,"minecraft:iron_pickaxe":10,"minecraft:iron_boots":5,"minecraft:furnace":9,"minecraft:stick":55,"minecraft:oak_fence":1,"minecraft:torch":190,"minecraft:porkchop":8,"minecraft:cherry_log":2,"minecraft:diorite":39,"minecraft:pointed_dripstone":11,"minecraft:music_disc_pigstep":1,"minecraft:warped_planks":122,"minecraft:stone_sword":9,"minecraft:rotten_flesh":106,"minecraft:obsidian":71,"minecraft:cobblestone":798,"minecraft:birch_log":6,"minecraft:pink_petals":150,"minecraft:feather":2,"minecraft:water_bucket":6,"minecraft:andesite":86,"minecraft:potato":220,"minecraft:flint":10,"minecraft:tuff":227,"minecraft:lapis_lazuli":524,"minecraft:dirt":308,"minecraft:lantern":1,"minecraft:name_tag":12,"minecraft:twisting_vines":71,"minecraft:bone":80,"minecraft:bow":3,"minecraft:wheat_seeds":182,"minecraft:raw_gold":68,"minecraft:diamond_helmet":3,"minecraft:oak_planks":1034,"minecraft:cooked_porkchop":6,"minecraft:warped_wart_block":36,"minecraft:sand":37,"minecraft:iron_hoe":3,"minecraft:snout_armor_trim_smithing_template":1,"minecraft:diamond":267,"minecraft:cracked_polished_blackstone_bricks":4,"minecraft:granite":1,"minecraft:bone_meal":40,"minecraft:golden_apple":3,"minecraft:bread":53,"minecraft:piglin_banner_pattern":1,"minecraft:oak_sapling":89,"minecraft:netherrack":200,"minecraft:crimson_roots":1,"minecraft:diamond_pickaxe":8,"minecraft:fishing_rod":1,"minecraft:crafting_table":7,"minecraft:chicken":2,"minecraft:gold_block":22,"minecraft:shield":5,"minecraft:red_bed":1,"minecraft:iron_axe":7,"minecraft:flint_and_steel":3,"minecraft:netherite_scrap":1,"minecraft:iron_shovel":3,"minecraft:blackstone":129,"minecraft:beef":18,"minecraft:poppy":1,"minecraft:sugar_cane":19,"minecraft:chest":2,"minecraft:birch_sapling":4,"minecraft:diamond_hoe":2,"minecraft:raw_iron":195,"minecraft:copper_ingot":2,"minecraft:polished_blackstone_bricks":83,"minecraft:carrot":28,"minecraft:redstone":29,"minecraft:weeping_vines":1,"minecraft:arrow":164,"minecraft:diamond_chestplate":3,"minecraft:diamond_boots":2,"minecraft:hay_block":27,"minecraft:gold_ingot":15,"minecraft:mutton":8,"minecraft:white_wool":7,"minecraft:rail":60,"minecraft:bone_block":5,"minecraft:basalt":2,"minecraft:crimson_stem":2,"minecraft:glow_ink_sac":6,"minecraft:leather":5,"minecraft:red_mushroom":2,"minecraft:oak_log":227,"minecraft:ancient_debris":1,"minecraft:cobblestone_stairs":124,"minecraft:nether_wart_block":1,"minecraft:gunpowder":58,"minecraft:apple":7,"minecraft:warped_stem":64,"minecraft:iron_ingot":176,"minecraft:stone_pickaxe":13,"minecraft:iron_sword":10,"minecraft:book":1,"minecraft:smooth_basalt":2,"minecraft:warped_fungus":1,"minecraft:dandelion":1,"minecraft:raw_iron_block":6,"minecraft:dripstone_block":1,"minecraft:gravel":166,"minecraft:spruce_sapling":1,"minecraft:white_bed":1,"minecraft:spruce_log":13,"minecraft:crying_obsidian":9,"minecraft:spider_eye":1,"minecraft:diamond_shovel":8,"minecraft:stone_axe":7,"minecraft:iron_helmet":6,"minecraft:diamond_axe":1,"minecraft:warped_roots":7,"minecraft:baked_potato":47,"minecraft:coal":179},"minecraft:custom":{"minecraft:interact_with_crafting_table":75,"minecraft:leave_game":4,"minecraft:time_since_death":168443,"minecraft:sprint_one_cm":1893842,"minecraft:damage_blocked_by_shield":7966,"minecraft:drop":63,"minecraft:talked_to_villager":1,"minecraft:play_time":609890,"minecraft:deaths":21,"minecraft:jump":12864,"minecraft:walk_on_water_one_cm":88751,"minecraft:interact_with_furnace":62,"minecraft:sleep_in_bed":7,"minecraft:damage_dealt":39498,"minecraft:crouch_one_cm":37908,"minecraft:horse_one_cm":582,"minecraft:mob_kills":201,"minecraft:climb_one_cm":12041,"minecraft:walk_one_cm":1994223,"minecraft:sneak_time":13003,"minecraft:walk_under_water_one_cm":89240,"minecraft:boat_one_cm":93742,"minecraft:total_world_time":609890,"minecraft:time_since_rest":155679,"minecraft:damage_taken":12263,"minecraft:damage_absorbed":40,"minecraft:swim_one_cm":75485,"minecraft:fly_one_cm":1852756,"minecraft:open_chest":99,"minecraft:fall_one_cm":324739},"minecraft:dropped":{"minecraft:iron_sword":9,"minecraft:oak_log":1,"minecraft:warped_roots":2,"minecraft:cracked_polished_blackstone_bricks":1,"minecraft:iron_pickaxe":1,"minecraft:white_wool":1,"minecraft:gravel":17,"minecraft:cobbled_deepslate":737,"minecraft:warped_planks":1,"minecraft:gunpowder":16,"minecraft:basalt":2,"minecraft:wheat_seeds":50,"minecraft:cobblestone":257,"minecraft:golden_apple":1,"minecraft:stick":3,"minecraft:iron_axe":1,"minecraft:string":15,"minecraft:pink_petals":150,"minecraft:dandelion":1,"minecraft:tuff":8,"minecraft:diamond_hoe":2,"minecraft:iron_hoe":2,"minecraft:shield":3,"minecraft:bow":1},"minecraft:killed_by":{"minecraft:piglin_brute":1,"minecraft:creeper":2,"minecraft:zombie":3,"minecraft:player":2,"minecraft:enderman":3,"minecraft:skeleton":3},"minecraft:killed":{"minecraft:witch":1,"minecraft:spider":18,"minecraft:skeleton":57,"minecraft:chicken":2,"minecraft:silverfish":2,"minecraft:piglin_brute":5,"minecraft:piglin":9,"minecraft:pig":1,"minecraft:zombie_villager":1,"minecraft:creeper":7,"minecraft:sheep":6,"minecraft:trader_llama":2,"minecraft:zombie":64,"minecraft:cow":8,"minecraft:drowned":9,"minecraft:hoglin":3,"minecraft:enderman":1},"minecraft:broken":{"minecraft:stone_pickaxe":2,"minecraft:diamond_pickaxe":2,"minecraft:stone_axe":1,"minecraft:iron_hoe":1,"minecraft:flint_and_steel":1,"minecraft:shield":1,"minecraft:iron_pickaxe":3},"minecraft:crafted":{"minecraft:oak_planks":900,"minecraft:cobblestone_stairs":60,"minecraft:diamond_shovel":1,"minecraft:cooked_mutton":7,"minecraft:warped_planks":220,"minecraft:diamond_helmet":3,"minecraft:diamond_leggings":3,"minecraft:iron_boots":3,"minecraft:chest":3,"minecraft:oak_button":8,"minecraft:raw_iron_block":7,"minecraft:diamond_axe":2,"minecraft:crafting_table":16,"minecraft:spruce_planks":52,"minecraft:iron_helmet":3,"minecraft:wooden_pickaxe":1,"minecraft:baked_potato":21,"minecraft:birch_planks":24,"minecraft:iron_chestplate":3,"minecraft:diamond_pickaxe":4,"minecraft:shield":3,"minecraft:stick":244,"minecraft:iron_ingot":152,"minecraft:iron_pickaxe":5,"minecraft:stone_sword":1,"minecraft:gold_ingot":37,"minecraft:cherry_planks":8,"minecraft:raw_iron":81,"minecraft:diamond_hoe":3,"minecraft:furnace":9,"minecraft:bone_meal":84,"minecraft:flint_and_steel":2,"minecraft:iron_axe":10,"minecraft:iron_hoe":4,"minecraft:stone_pickaxe":2,"minecraft:diamond_boots":3,"minecraft:wheat":243,"minecraft:cooked_beef":5,"minecraft:red_dye":1,"minecraft:crimson_planks":8,"minecraft:diamond_sword":3,"minecraft:iron_sword":11,"minecraft:red_bed":1,"minecraft:bucket":2,"minecraft:stone_axe":3,"minecraft:bread":81,"minecraft:air":0,"minecraft:oak_boat":2,"minecraft:iron_shovel":1,"minecraft:iron_leggings":4,"minecraft:white_bed":1,"minecraft:torch":504,"minecraft:diamond_chestplate":3}},"DataVersion":3700}