{"stats":{"minecraft:killed":{"jujutsucraft:cursed_spirit_grade_32":1,"jujutsucraft:cursed_spirit_grade_39":2,"jujutsucraft:cursed_spirit_grade_33":4,"jujutsucraft:cursed_spirit_grade_314":1,"minecraft:pig":6,"jujutsucraft:cursed_spirit_grade_310":1,"minecraft:chicken":1,"jujutsucraft:cursed_spirit_grade_315":1,"jujutsucraft:cursed_spirit_grade_38":1,"jujutsucraft:cursed_spirit_grade_34":1,"minecraft:villager":8},"minecraft:picked_up":{"minecraft:birch_log":5,"minecraft:stick":3,"minecraft:birch_leaves":1,"minecraft:gravel":2,"jujutsucraft:clothes_geto_boots":1,"minecraft:porkchop":1,"minecraft:oak_log":10,"minecraft:grass_block":1,"minecraft:white_candle":4,"minecraft:oak_sapling":2,"minecraft:egg":1},"minecraft:used":{"jujutsucraft:clothes_geto_boots":1,"minecraft:birch_leaves":1,"minecraft:oak_planks":3,"minecraft:gravel":1,"jujutsucraft:uniform_gojo_boots":1,"minecraft:egg":1},"minecraft:custom":{"minecraft:time_since_rest":3966,"minecraft:sprint_one_cm":137986,"minecraft:damage_taken":7441,"minecraft:walk_one_cm":222633,"minecraft:mob_kills":27,"minecraft:drop":2,"minecraft:damage_dealt":401,"minecraft:swim_one_cm":384,"minecraft:fly_one_cm":464048,"minecraft:player_kills":3,"minecraft:open_barrel":27,"minecraft:open_chest":9,"minecraft:crouch_one_cm":3234,"minecraft:play_time":59383,"minecraft:deaths":14,"minecraft:sneak_time":2212,"minecraft:walk_under_water_one_cm":981,"minecraft:jump":690,"minecraft:damage_dealt_resisted":1346,"minecraft:time_since_death":0,"minecraft:walk_on_water_one_cm":3246,"minecraft:interact_with_smoker":2,"minecraft:total_world_time":59383,"minecraft:damage_resisted":1225,"minecraft:fall_one_cm":41499},"minecraft:dropped":{"jujutsucraft:clothes_geto_boots":1,"jujutsucraft:dragon_bone":1},"minecraft:killed_by":{"jujutsucraft:cursed_spirit_grade_15":1,"minecraft:player":4,"jujutsucraft:kusakabe_yatsuya":1,"jujutsucraft:negi_toshihisa":1,"jujutsucraft:cursed_spirit_grade_314":1,"jujutsucraft:fushiguro_toji_bug":4,"jujutsucraft:cursed_spirit_grade_32":1},"minecraft:mined":{"minecraft:birch_log":5,"minecraft:birch_leaves":1,"minecraft:gray_stained_glass_pane":2,"minecraft:grass":1,"minecraft:oak_log":10,"minecraft:gravel":2,"minecraft:white_candle":1,"minecraft:oak_leaves":4},"minecraft:crafted":{"minecraft:oak_planks":40}},"DataVersion":3465}