{"stats":{"minecraft:killed":{"jujutsucraft:cursed_spirit_grade_32":1,"jujutsucraft:cursed_spirit_grade_31":1,"jujutsucraft:cursed_spirit_grade_33":13,"minecraft:pig":8,"jujutsucraft:nanako":1,"minecraft:bat":3,"jujutsucraft:cursed_spirit_grade_318":2,"jujutsucraft:cursed_spirit_grade_316":1,"jujutsucraft:transfigured_human_2":1,"jujutsucraft:cursed_spirit_grade_39":3,"jujutsucraft:cursed_spirit_grade_313":1,"jujutsucraft:cursed_spirit_grade_314":2,"jujutsucraft:crow":7,"jujutsucraft:cursed_spirit_grade_310":2,"minecraft:chicken":1,"jujutsucraft:cursed_spirit_grade_36":2,"jujutsucraft:cursed_spirit_grade_25":1,"jujutsucraft:cursed_spirit_grade_315":1,"jujutsucraft:cursed_spirit_grade_317":3,"jujutsucraft:cursed_spirit_grade_38":1,"jujutsucraft:cursed_spirit_grade_34":9,"jujutsucraft:cursed_spirit_grade_319":1,"minecraft:villager":8},"minecraft:picked_up":{"minecraft:birch_log":5,"minecraft:birch_leaves":1,"minecraft:chicken":2,"minecraft:suspicious_stew":1,"minecraft:salmon":1,"jujutsucraft:clothes_geto_boots":1,"minecraft:oak_log":10,"minecraft:dirt":7,"minecraft:birch_sapling":1,"minecraft:egg":3,"jujutsucraft:dragon_bone":2,"minecraft:stick":3,"minecraft:stone":9,"minecraft:gravel":3,"minecraft:porkchop":2,"minecraft:diorite":2,"minecraft:grass_block":2,"minecraft:white_candle":4,"minecraft:oak_sapling":5,"minecraft:oak_leaves":7},"minecraft:custom":{"minecraft:mob_kills":90,"minecraft:interact_with_crafting_table":1,"minecraft:open_barrel":28,"minecraft:damage_dealt_resisted":11068,"minecraft:leave_game":2,"minecraft:time_since_death":4956,"minecraft:damage_resisted":5249,"minecraft:time_since_rest":4990,"minecraft:sprint_one_cm":357598,"minecraft:damage_taken":18967,"minecraft:walk_one_cm":407670,"minecraft:drop":4,"minecraft:damage_dealt":401,"minecraft:swim_one_cm":4584,"minecraft:fly_one_cm":1201033,"minecraft:player_kills":9,"minecraft:open_chest":16,"minecraft:crouch_one_cm":36916,"minecraft:play_time":98485,"minecraft:deaths":45,"minecraft:sneak_time":10080,"minecraft:walk_under_water_one_cm":7015,"minecraft:jump":1662,"minecraft:walk_on_water_one_cm":6950,"minecraft:interact_with_smoker":2,"minecraft:total_world_time":98485,"minecraft:fall_one_cm":123017},"minecraft:used":{"jujutsucraft:clothes_geto_boots":1,"minecraft:birch_leaves":1,"minecraft:oak_planks":3,"jujutsucraft:uniform_gojo_boots":1,"minecraft:crafting_table":1,"minecraft:gravel":1,"minecraft:egg":1},"minecraft:dropped":{"jujutsucraft:clothes_geto_boots":1,"jujutsucraft:dragon_bone":3},"minecraft:mined":{"minecraft:gray_stained_glass_pane":2,"minecraft:white_candle":1,"minecraft:birch_log":5,"minecraft:birch_leaves":1,"minecraft:grass":1,"minecraft:oak_log":10,"minecraft:gravel":2,"minecraft:oak_leaves":4},"minecraft:killed_by":{"jujutsucraft:cursed_spirit_grade_25":1,"jujutsucraft:cursed_spirit_grade_15":1,"minecraft:player":4,"jujutsucraft:negi_toshihisa":1,"jujutsucraft:cursed_spirit_grade_12":1,"jujutsucraft:jogo":22,"jujutsucraft:kumiya_juzo":1,"jujutsucraft:higuruma_hiromi":1,"jujutsucraft:cursed_spirit_grade_22":1,"jujutsucraft:nanami_kento":1,"jujutsucraft:yoshino_junpei":2,"jujutsucraft:kusakabe_yatsuya":1,"jujutsucraft:fushiguro_megumi":1,"jujutsucraft:cursed_spirit_grade_314":1,"jujutsucraft:fushiguro_toji_bug":4,"jujutsucraft:cursed_spirit_grade_32":1},"minecraft:crafted":{"minecraft:oak_planks":40,"minecraft:crafting_table":1,"minecraft:wooden_pickaxe":1}},"DataVersion":3465}