{"stats":{"minecraft:dropped":{"jujutsucraft:clothes_geto_leggings":1,"jujutsucraft:uniform_normal_leggings":1,"jujutsucraft:uniform_normal_boots":1,"jujutsucraft:uniform_normal_chestplate":1},"minecraft:picked_up":{"minecraft:crafting_table":1,"minecraft:spruce_sapling":1,"minecraft:spruce_log":8,"minecraft:painting":3,"minecraft:player_head":1},"minecraft:mined":{"minecraft:player_wall_head":1,"minecraft:spruce_log":8,"minecraft:crafting_table":1,"minecraft:tall_grass":1,"minecraft:fern":2},"minecraft:custom":{"minecraft:time_since_rest":640,"minecraft:sprint_one_cm":309445,"minecraft:damage_taken":5998,"minecraft:walk_one_cm":252426,"minecraft:mob_kills":12,"minecraft:drop":4,"minecraft:damage_dealt":73,"minecraft:interact_with_crafting_table":1,"minecraft:fly_one_cm":272847,"minecraft:player_kills":3,"minecraft:open_chest":1,"minecraft:crouch_one_cm":4205,"minecraft:play_time":25070,"minecraft:deaths":16,"minecraft:sneak_time":763,"minecraft:jump":417,"minecraft:damage_dealt_resisted":6006,"minecraft:leave_game":4,"minecraft:walk_on_water_one_cm":1024,"minecraft:time_since_death":615,"minecraft:climb_one_cm":196,"minecraft:total_world_time":25070,"minecraft:damage_resisted":1368,"minecraft:fall_one_cm":16331},"minecraft:used":{"minecraft:wooden_axe":9,"jujutsucraft:uniform_geto_leggings":1,"minecraft:crafting_table":1},"minecraft:crafted":{"minecraft:crafting_table":1,"minecraft:spruce_planks":12,"minecraft:stick":4,"minecraft:wooden_axe":1},"minecraft:killed_by":{"jujutsucraft:cursed_spirit_grade_15":1,"minecraft:player":7,"jujutsucraft:kenjaku":1,"jujutsucraft:cursed_spirit_grade_315":1,"jujutsucraft:cursed_spirit_grade_29":2,"jujutsucraft:dhruv_lakdawalla":1,"jujutsucraft:larue":1},"minecraft:killed":{"jujutsucraft:cursed_spirit_grade_39":3,"jujutsucraft:crow":3,"jujutsucraft:cursed_spirit_grade_25":1,"jujutsucraft:cursed_spirit_grade_317":2,"jujutsucraft:cursed_spirit_grade_315":2,"jujutsucraft:cursed_spirit_grade_316":1}},"DataVersion":3465}