{"stats":{"minecraft:killed":{"jujutsucraft:cursed_spirit_grade_32":1,"jujutsucraft:cursed_spirit_grade_39":2,"jujutsucraft:cursed_spirit_grade_33":4,"jujutsucraft:cursed_spirit_grade_314":2,"jujutsucraft:crow":1,"minecraft:pig":7,"jujutsucraft:cursed_spirit_grade_310":2,"jujutsucraft:nanako":1,"minecraft:chicken":1,"jujutsucraft:cursed_spirit_grade_315":1,"jujutsucraft:cursed_spirit_grade_38":1,"jujutsucraft:cursed_spirit_grade_34":2,"minecraft:villager":8},"minecraft:picked_up":{"minecraft:birch_log":5,"jujutsucraft:dragon_bone":1,"minecraft:stick":3,"minecraft:birch_leaves":1,"minecraft:stone":9,"minecraft:gravel":3,"jujutsucraft:clothes_geto_boots":1,"minecraft:porkchop":1,"minecraft:oak_log":10,"minecraft:diorite":2,"minecraft:grass_block":2,"minecraft:dirt":1,"minecraft:white_candle":4,"minecraft:oak_sapling":5,"minecraft:oak_leaves":6,"minecraft:egg":1},"minecraft:used":{"jujutsucraft:clothes_geto_boots":1,"minecraft:birch_leaves":1,"minecraft:oak_planks":3,"minecraft:gravel":1,"jujutsucraft:uniform_gojo_boots":1,"minecraft:crafting_table":1,"minecraft:egg":1},"minecraft:custom":{"minecraft:time_since_rest":1869,"minecraft:sprint_one_cm":207215,"minecraft:damage_taken":15955,"minecraft:walk_one_cm":322657,"minecraft:mob_kills":48,"minecraft:drop":3,"minecraft:damage_dealt":401,"minecraft:interact_with_crafting_table":1,"minecraft:swim_one_cm":384,"minecraft:fly_one_cm":814109,"minecraft:player_kills":9,"minecraft:open_barrel":27,"minecraft:open_chest":9,"minecraft:crouch_one_cm":19605,"minecraft:play_time":81116,"minecraft:deaths":39,"minecraft:sneak_time":6263,"minecraft:walk_under_water_one_cm":981,"minecraft:jump":1142,"minecraft:damage_dealt_resisted":6024,"minecraft:leave_game":1,"minecraft:time_since_death":1825,"minecraft:walk_on_water_one_cm":3246,"minecraft:interact_with_smoker":2,"minecraft:total_world_time":81116,"minecraft:damage_resisted":3348,"minecraft:fall_one_cm":76235},"minecraft:dropped":{"jujutsucraft:clothes_geto_boots":1,"jujutsucraft:dragon_bone":2},"minecraft:mined":{"minecraft:birch_log":5,"minecraft:birch_leaves":1,"minecraft:gray_stained_glass_pane":2,"minecraft:grass":1,"minecraft:oak_log":10,"minecraft:gravel":2,"minecraft:white_candle":1,"minecraft:oak_leaves":4},"minecraft:killed_by":{"jujutsucraft:yoshino_junpei":2,"jujutsucraft:cursed_spirit_grade_15":1,"minecraft:player":4,"jujutsucraft:kusakabe_yatsuya":1,"jujutsucraft:fushiguro_megumi":1,"jujutsucraft:negi_toshihisa":1,"jujutsucraft:cursed_spirit_grade_314":1,"jujutsucraft:fushiguro_toji_bug":4,"jujutsucraft:jogo":22,"jujutsucraft:cursed_spirit_grade_32":1},"minecraft:crafted":{"minecraft:oak_planks":40,"minecraft:crafting_table":1,"minecraft:wooden_pickaxe":1}},"DataVersion":3465}