{"stats":{"minecraft:dropped":{"jujutsucraft:clothes_geto_leggings":1,"jujutsucraft:uniform_normal_leggings":1,"jujutsucraft:uniform_normal_boots":1,"jujutsucraft:uniform_normal_chestplate":1},"minecraft:picked_up":{"minecraft:crafting_table":1,"minecraft:painting":3,"minecraft:player_head":1,"minecraft:spruce_log":8},"minecraft:mined":{"minecraft:player_wall_head":1,"minecraft:tall_grass":1,"minecraft:spruce_log":8,"minecraft:crafting_table":1,"minecraft:fern":2},"minecraft:custom":{"minecraft:time_since_rest":1839,"minecraft:crouch_one_cm":2172,"minecraft:play_time":13070,"minecraft:sprint_one_cm":125780,"minecraft:damage_taken":2823,"minecraft:walk_one_cm":115903,"minecraft:deaths":8,"minecraft:sneak_time":345,"minecraft:mob_kills":5,"minecraft:drop":4,"minecraft:damage_dealt_resisted":808,"minecraft:jump":162,"minecraft:damage_dealt":59,"minecraft:leave_game":4,"minecraft:time_since_death":1813,"minecraft:total_world_time":13070,"minecraft:damage_resisted":263,"minecraft:interact_with_crafting_table":1,"minecraft:fly_one_cm":106443,"minecraft:fall_one_cm":5581,"minecraft:player_kills":1},"minecraft:used":{"minecraft:wooden_axe":9,"minecraft:crafting_table":1,"jujutsucraft:uniform_geto_leggings":1},"minecraft:crafted":{"minecraft:crafting_table":1,"minecraft:stick":4,"minecraft:spruce_planks":12,"minecraft:wooden_axe":1},"minecraft:killed_by":{"minecraft:player":5,"jujutsucraft:kenjaku":1},"minecraft:killed":{"jujutsucraft:cursed_spirit_grade_39":1,"jujutsucraft:cursed_spirit_grade_317":1,"jujutsucraft:crow":3}},"DataVersion":3465}