{"stats":{"minecraft:killed":{"jujutsucraft:cursed_spirit_grade_32":1,"jujutsucraft:transfigured_human_3":1,"jujutsucraft:cursed_spirit_grade_31":1,"jujutsucraft:cursed_spirit_grade_33":20,"minecraft:pig":12,"jujutsucraft:zenin_chojuro":1,"jujutsucraft:nanako":2,"minecraft:salmon":6,"minecraft:bat":6,"jujutsucraft:cursed_spirit_grade_318":3,"jujutsucraft:cursed_spirit_grade_316":4,"minecraft:cod":21,"minecraft:dolphin":1,"jujutsucraft:transfigured_human_2":1,"minecraft:squid":9,"jujutsucraft:cursed_spirit_grade_39":4,"minecraft:pillager":1,"jujutsucraft:cursed_spirit_grade_314":3,"jujutsucraft:cursed_spirit_grade_313":1,"jujutsucraft:crow":12,"minecraft:bee":2,"jujutsucraft:cursed_spirit_grade_310":3,"minecraft:chicken":1,"jujutsucraft:cursed_spirit_grade_36":2,"jujutsucraft:cursed_spirit_grade_25":1,"jujutsucraft:cursed_spirit_grade_317":8,"jujutsucraft:cursed_spirit_grade_315":3,"jujutsucraft:cursed_spirit_grade_38":2,"jujutsucraft:cursed_spirit_grade_34":12,"jujutsucraft:cursed_spirit_grade_319":2,"minecraft:villager":12,"jujutsucraft:mei_mei":1,"minecraft:cow":2},"minecraft:picked_up":{"minecraft:birch_log":5,"minecraft:birch_leaves":1,"minecraft:ladder":5,"minecraft:chicken":2,"minecraft:suspicious_stew":1,"minecraft:salmon":1,"jujutsucraft:clothes_geto_boots":1,"minecraft:oak_log":10,"minecraft:lantern":2,"minecraft:dirt":10,"minecraft:smooth_sandstone":2,"minecraft:beef":1,"minecraft:birch_sapling":1,"minecraft:egg":3,"jujutsucraft:dragon_bone":2,"minecraft:stick":3,"minecraft:stone":32,"minecraft:torch":4,"minecraft:gravel":3,"minecraft:porkchop":5,"minecraft:diorite":2,"minecraft:grass_block":5,"minecraft:spruce_door":6,"minecraft:white_candle":4,"minecraft:oak_sapling":6,"minecraft:mutton":2,"minecraft:oak_leaves":11},"minecraft:custom":{"minecraft:mob_kills":183,"minecraft:interact_with_crafting_table":1,"minecraft:open_barrel":28,"minecraft:damage_dealt_resisted":34001,"minecraft:leave_game":2,"minecraft:time_since_death":6552,"minecraft:climb_one_cm":5318,"minecraft:damage_resisted":14166,"minecraft:time_since_rest":6664,"minecraft:sprint_one_cm":805590,"minecraft:damage_taken":25637,"minecraft:walk_one_cm":749806,"minecraft:drop":11,"minecraft:damage_dealt":401,"minecraft:swim_one_cm":29494,"minecraft:fly_one_cm":1931859,"minecraft:player_kills":9,"minecraft:open_chest":19,"minecraft:crouch_one_cm":81742,"minecraft:play_time":157568,"minecraft:deaths":56,"minecraft:sneak_time":19640,"minecraft:walk_under_water_one_cm":37223,"minecraft:jump":2638,"minecraft:walk_on_water_one_cm":26227,"minecraft:interact_with_smoker":2,"minecraft:total_world_time":157568,"minecraft:fall_one_cm":216320},"minecraft:used":{"jujutsucraft:clothes_geto_boots":1,"minecraft:birch_leaves":1,"minecraft:oak_planks":3,"minecraft:stone":10,"jujutsucraft:uniform_gojo_boots":1,"minecraft:crafting_table":1,"jujutsucraft:dragon_bone":2,"minecraft:gravel":1,"jujutsucraft:sword_kusakabe":1,"minecraft:egg":1},"minecraft:dropped":{"minecraft:porkchop":1,"jujutsucraft:uniform_normal_leggings":1,"jujutsucraft:clothes_geto_boots":1,"minecraft:salmon":1,"jujutsucraft:uniform_normal_chestplate":1,"jujutsucraft:uniform_normal_boots":1,"jujutsucraft:dragon_bone":3,"minecraft:egg":2},"minecraft:mined":{"minecraft:gray_stained_glass_pane":2,"minecraft:white_candle":1,"minecraft:birch_log":5,"minecraft:lilac":1,"minecraft:birch_leaves":1,"minecraft:grass":2,"minecraft:oak_log":10,"minecraft:gravel":2,"minecraft:sand":1,"minecraft:oak_leaves":4},"minecraft:killed_by":{"jujutsucraft:cursed_spirit_grade_25":2,"jujutsucraft:cursed_spirit_grade_15":1,"minecraft:player":4,"jujutsucraft:shikigami_pterosaur":1,"jujutsucraft:negi_toshihisa":1,"jujutsucraft:cursed_spirit_grade_05":2,"jujutsucraft:cursed_spirit_grade_12":2,"jujutsucraft:jogo":24,"jujutsucraft:kumiya_juzo":1,"jujutsucraft:higuruma_hiromi":1,"jujutsucraft:cursed_spirit_grade_07":1,"jujutsucraft:cursed_spirit_grade_22":1,"jujutsucraft:nanami_kento":1,"jujutsucraft:yoshino_junpei":2,"jujutsucraft:kusakabe_yatsuya":1,"jujutsucraft:fushiguro_megumi":2,"jujutsucraft:cursed_spirit_grade_314":1,"jujutsucraft:fushiguro_toji_bug":4,"jujutsucraft:cursed_spirit_grade_32":1,"jujutsucraft:itadori_yuji_shinjuku":1,"jujutsucraft:zenin_maki_culling_game":1},"minecraft:crafted":{"minecraft:oak_planks":40,"minecraft:crafting_table":1,"minecraft:wooden_pickaxe":1}},"DataVersion":3465}