{"stats":{"minecraft:killed":{"jujutsucraft:cursed_spirit_grade_32":1,"jujutsucraft:cursed_spirit_grade_31":1,"jujutsucraft:cursed_spirit_grade_33":13,"minecraft:pig":8,"jujutsucraft:nanako":1,"minecraft:bat":3,"jujutsucraft:cursed_spirit_grade_318":2,"jujutsucraft:cursed_spirit_grade_316":3,"jujutsucraft:transfigured_human_2":1,"jujutsucraft:cursed_spirit_grade_39":4,"jujutsucraft:cursed_spirit_grade_314":2,"jujutsucraft:cursed_spirit_grade_313":1,"jujutsucraft:crow":7,"jujutsucraft:cursed_spirit_grade_310":2,"minecraft:chicken":1,"jujutsucraft:cursed_spirit_grade_36":2,"jujutsucraft:cursed_spirit_grade_25":1,"jujutsucraft:cursed_spirit_grade_317":3,"jujutsucraft:cursed_spirit_grade_315":2,"jujutsucraft:cursed_spirit_grade_38":1,"jujutsucraft:cursed_spirit_grade_34":9,"jujutsucraft:cursed_spirit_grade_319":1,"minecraft:villager":8,"minecraft:cow":2},"minecraft:picked_up":{"minecraft:birch_log":5,"minecraft:birch_leaves":1,"minecraft:chicken":2,"minecraft:suspicious_stew":1,"minecraft:salmon":1,"jujutsucraft:clothes_geto_boots":1,"minecraft:oak_log":10,"minecraft:dirt":8,"minecraft:beef":1,"minecraft:birch_sapling":1,"minecraft:egg":3,"jujutsucraft:dragon_bone":2,"minecraft:stick":3,"minecraft:stone":32,"minecraft:torch":1,"minecraft:gravel":3,"minecraft:porkchop":2,"minecraft:diorite":2,"minecraft:grass_block":5,"minecraft:white_candle":4,"minecraft:oak_sapling":5,"minecraft:mutton":2,"minecraft:oak_leaves":7},"minecraft:custom":{"minecraft:mob_kills":98,"minecraft:interact_with_crafting_table":1,"minecraft:open_barrel":28,"minecraft:damage_dealt_resisted":15296,"minecraft:leave_game":2,"minecraft:time_since_death":9691,"minecraft:damage_resisted":7762,"minecraft:time_since_rest":9717,"minecraft:sprint_one_cm":481102,"minecraft:damage_taken":21369,"minecraft:walk_one_cm":516165,"minecraft:drop":8,"minecraft:damage_dealt":401,"minecraft:swim_one_cm":9253,"minecraft:fly_one_cm":1499391,"minecraft:player_kills":9,"minecraft:open_chest":19,"minecraft:crouch_one_cm":55093,"minecraft:play_time":121568,"minecraft:deaths":50,"minecraft:sneak_time":13654,"minecraft:walk_under_water_one_cm":7630,"minecraft:jump":2091,"minecraft:walk_on_water_one_cm":9236,"minecraft:interact_with_smoker":2,"minecraft:total_world_time":121568,"minecraft:fall_one_cm":159025},"minecraft:used":{"jujutsucraft:clothes_geto_boots":1,"minecraft:birch_leaves":1,"minecraft:oak_planks":3,"jujutsucraft:uniform_gojo_boots":1,"minecraft:crafting_table":1,"jujutsucraft:dragon_bone":2,"minecraft:gravel":1,"minecraft:egg":1},"minecraft:dropped":{"minecraft:porkchop":1,"jujutsucraft:clothes_geto_boots":1,"minecraft:salmon":1,"jujutsucraft:dragon_bone":3,"minecraft:egg":2},"minecraft:mined":{"minecraft:gray_stained_glass_pane":2,"minecraft:white_candle":1,"minecraft:birch_log":5,"minecraft:lilac":1,"minecraft:birch_leaves":1,"minecraft:grass":2,"minecraft:oak_log":10,"minecraft:gravel":2,"minecraft:oak_leaves":4},"minecraft:killed_by":{"jujutsucraft:cursed_spirit_grade_25":1,"jujutsucraft:cursed_spirit_grade_15":1,"minecraft:player":4,"jujutsucraft:negi_toshihisa":1,"jujutsucraft:cursed_spirit_grade_05":1,"jujutsucraft:cursed_spirit_grade_12":1,"jujutsucraft:jogo":22,"jujutsucraft:kumiya_juzo":1,"jujutsucraft:higuruma_hiromi":1,"jujutsucraft:cursed_spirit_grade_07":1,"jujutsucraft:cursed_spirit_grade_22":1,"jujutsucraft:nanami_kento":1,"jujutsucraft:yoshino_junpei":2,"jujutsucraft:kusakabe_yatsuya":1,"jujutsucraft:fushiguro_megumi":2,"jujutsucraft:cursed_spirit_grade_314":1,"jujutsucraft:fushiguro_toji_bug":4,"jujutsucraft:cursed_spirit_grade_32":1,"jujutsucraft:itadori_yuji_shinjuku":1,"jujutsucraft:zenin_maki_culling_game":1},"minecraft:crafted":{"minecraft:oak_planks":40,"minecraft:crafting_table":1,"minecraft:wooden_pickaxe":1}},"DataVersion":3465}