{"stats":{"minecraft:killed":{"jujutsucraft:cursed_spirit_grade_32":6,"jujutsucraft:transfigured_human_3":1,"jujutsucraft:cursed_spirit_grade_31":1,"jujutsucraft:cursed_spirit_grade_33":22,"jujutsucraft:nanako":3,"jujutsucraft:doll_1":1,"jujutsucraft:cursed_spirit_grade_318":13,"jujutsucraft:cursed_spirit_grade_26":1,"jujutsucraft:cursed_spirit_grade_316":4,"minecraft:cod":37,"minecraft:dolphin":1,"jujutsucraft:kumiya_juzo":1,"jujutsucraft:transfigured_human_2":1,"jujutsucraft:cursed_spirit_grade_39":13,"jujutsucraft:cursed_spirit_grade_313":2,"minecraft:bee":2,"minecraft:chicken":1,"jujutsucraft:cursed_spirit_grade_317":13,"jujutsucraft:cursed_spirit_grade_38":3,"jujutsucraft:cursed_spirit_grade_34":24,"jujutsucraft:nobara_kugisaki":1,"jujutsucraft:mei_mei":1,"minecraft:pig":12,"jujutsucraft:zenin_chojuro":1,"minecraft:salmon":23,"jujutsucraft:awasaka_jiro":1,"minecraft:bat":6,"jujutsucraft:curse_user_1":1,"jujutsucraft:mechamaru":1,"minecraft:squid":10,"jujutsucraft:cursed_spirit_grade_28":1,"minecraft:pillager":1,"jujutsucraft:cursed_spirit_grade_314":6,"jujutsucraft:cursed_spirit_grade_14":1,"jujutsucraft:crow":18,"jujutsucraft:cursed_spirit_grade_311":1,"jujutsucraft:cursed_spirit_grade_310":5,"jujutsucraft:cursed_spirit_grade_36":10,"jujutsucraft:cursed_spirit_grade_25":2,"jujutsucraft:cursed_spirit_grade_315":6,"jujutsucraft:cursed_spirit_grade_212":1,"jujutsucraft:cursed_spirit_grade_319":7,"minecraft:villager":12,"minecraft:cow":2,"jujutsucraft:gravestone_3":2},"minecraft:picked_up":{"minecraft:coarse_dirt":1,"minecraft:chicken":2,"minecraft:ladder":5,"minecraft:suspicious_stew":1,"jujutsucraft:uniform_normal_boots":1,"jujutsucraft:clothes_geto_boots":1,"minecraft:beef":1,"minecraft:birch_sapling":1,"minecraft:egg":3,"minecraft:stick":3,"minecraft:sandstone":2,"minecraft:stone":32,"jujutsucraft:uniform_normal_helmet":1,"minecraft:torch":5,"minecraft:porkchop":8,"minecraft:diorite":3,"minecraft:vine":3,"jujutsucraft:clothes_kashimo_hajime_helmet":1,"minecraft:mutton":2,"minecraft:cod":4,"minecraft:birch_log":5,"minecraft:birch_leaves":2,"minecraft:salmon":5,"minecraft:oak_log":10,"minecraft:dirt":14,"minecraft:lantern":6,"minecraft:smooth_sandstone":2,"jujutsucraft:dragon_bone":2,"minecraft:gravel":5,"minecraft:sand":1,"jujutsucraft:uniform_normal_chestplate":1,"minecraft:ink_sac":3,"minecraft:grass_block":11,"minecraft:spruce_door":9,"minecraft:white_candle":4,"minecraft:bone_meal":1,"minecraft:oak_sapling":7,"minecraft:oak_leaves":12},"minecraft:custom":{"minecraft:mob_kills":305,"minecraft:interact_with_crafting_table":1,"minecraft:open_barrel":28,"minecraft:damage_dealt_resisted":76069,"minecraft:leave_game":3,"minecraft:time_since_death":7609,"minecraft:damage_resisted":29102,"minecraft:climb_one_cm":5318,"minecraft:sprint_one_cm":1070744,"minecraft:walk_one_cm":1003010,"minecraft:drop":62,"minecraft:play_time":193285,"minecraft:deaths":61,"minecraft:sneak_time":29077,"minecraft:walk_under_water_one_cm":51148,"minecraft:jump":3175,"minecraft:walk_on_water_one_cm":49865,"minecraft:total_world_time":193285,"minecraft:time_since_rest":7655,"minecraft:damage_taken":30255,"minecraft:damage_dealt":401,"minecraft:swim_one_cm":46743,"minecraft:fly_one_cm":2457799,"minecraft:player_kills":9,"minecraft:open_chest":19,"minecraft:crouch_one_cm":114272,"minecraft:interact_with_smoker":2,"minecraft:fall_one_cm":277444},"minecraft:used":{"jujutsucraft:clothes_geto_boots":1,"minecraft:stone":32,"minecraft:lantern":3,"jujutsucraft:uniform_gojo_helmet":4,"jujutsucraft:sword_kusakabe":4,"minecraft:egg":1,"jujutsucraft:clothes_kashimo_hajime_helmet":4,"minecraft:spruce_door":1,"minecraft:birch_leaves":1,"minecraft:oak_planks":3,"minecraft:sandstone":1,"jujutsucraft:uniform_gojo_boots":1,"minecraft:crafting_table":1,"jujutsucraft:dragon_bone":2,"minecraft:gravel":1},"minecraft:dropped":{"minecraft:vine":3,"minecraft:porkchop":8,"minecraft:birch_leaves":1,"minecraft:lantern":3,"jujutsucraft:clothes_geto_boots":1,"minecraft:spruce_door":8,"minecraft:grass_block":11,"minecraft:cod":4,"minecraft:stick":1,"minecraft:dirt":13,"minecraft:diorite":3,"minecraft:stone_button":15,"minecraft:ink_sac":3,"minecraft:bone_meal":1,"minecraft:sand":1,"minecraft:smooth_sandstone":2,"minecraft:string":5,"jujutsucraft:dragon_bone":4,"minecraft:birch_log":5,"minecraft:gravel":4,"jujutsucraft:uniform_normal_leggings":1,"minecraft:coarse_dirt":1,"minecraft:birch_sapling":1,"minecraft:tall_grass":27,"minecraft:chicken":2,"minecraft:white_candle":4,"minecraft:salmon":3,"jujutsucraft:uniform_normal_chestplate":2,"minecraft:suspicious_stew":3,"minecraft:potato":16,"minecraft:oak_button":10,"minecraft:oak_sapling":7,"minecraft:ladder":5,"minecraft:sandstone":1,"jujutsucraft:uniform_normal_helmet":1,"minecraft:beef":1,"minecraft:wooden_pickaxe":1,"jujutsucraft:uniform_normal_boots":2,"minecraft:oak_leaves":12,"minecraft:egg":2},"minecraft:mined":{"minecraft:gray_stained_glass_pane":2,"minecraft:fire":1,"minecraft:white_candle":1,"minecraft:seagrass":1,"minecraft:birch_log":5,"minecraft:lilac":1,"minecraft:birch_leaves":1,"minecraft:grass":3,"minecraft:oak_log":10,"minecraft:gravel":3,"minecraft:sand":1,"minecraft:oak_leaves":4},"minecraft:killed_by":{"jujutsucraft:cursed_spirit_grade_25":2,"jujutsucraft:cursed_spirit_grade_01":1,"jujutsucraft:cursed_spirit_grade_15":1,"minecraft:player":4,"jujutsucraft:shikigami_pterosaur":1,"jujutsucraft:cursed_spirit_grade_05":2,"jujutsucraft:cursed_spirit_grade_12":2,"jujutsucraft:cursed_spirit_grade_07":1,"jujutsucraft:cursed_spirit_grade_22":1,"jujutsucraft:uro_takako":1,"jujutsucraft:nanami_kento":1,"jujutsucraft:yoshino_junpei":2,"jujutsucraft:kusakabe_yatsuya":1,"jujutsucraft:fushiguro_toji":1,"jujutsucraft:fushiguro_megumi":2,"jujutsucraft:cursed_spirit_grade_314":1,"jujutsucraft:fushiguro_toji_bug":4,"jujutsucraft:itadori_yuji_shinjuku":1,"jujutsucraft:zenin_maki_culling_game":1,"jujutsucraft:sukuna_fushiguro":1,"jujutsucraft:negi_toshihisa":1,"jujutsucraft:jogo":24,"jujutsucraft:kumiya_juzo":1,"jujutsucraft:higuruma_hiromi":1,"jujutsucraft:yorozu":1,"jujutsucraft:cursed_spirit_grade_32":1},"minecraft:crafted":{"minecraft:oak_planks":40,"minecraft:crafting_table":1,"minecraft:wooden_pickaxe":1}},"DataVersion":3465}