{"stats":{"minecraft:killed":{"jujutsucraft:cursed_spirit_grade_32":6,"jujutsucraft:transfigured_human_3":1,"jujutsucraft:cursed_spirit_grade_31":1,"jujutsucraft:cursed_spirit_grade_33":21,"minecraft:pig":12,"jujutsucraft:zenin_chojuro":1,"jujutsucraft:nanako":2,"jujutsucraft:doll_1":1,"minecraft:salmon":21,"jujutsucraft:awasaka_jiro":1,"minecraft:bat":6,"jujutsucraft:cursed_spirit_grade_318":4,"jujutsucraft:curse_user_1":1,"jujutsucraft:cursed_spirit_grade_316":4,"minecraft:cod":37,"minecraft:dolphin":1,"jujutsucraft:kumiya_juzo":1,"jujutsucraft:transfigured_human_2":1,"minecraft:squid":10,"jujutsucraft:cursed_spirit_grade_39":12,"minecraft:pillager":1,"jujutsucraft:cursed_spirit_grade_314":5,"jujutsucraft:cursed_spirit_grade_313":1,"jujutsucraft:crow":18,"minecraft:bee":2,"jujutsucraft:cursed_spirit_grade_311":1,"jujutsucraft:cursed_spirit_grade_310":4,"minecraft:chicken":1,"jujutsucraft:cursed_spirit_grade_36":7,"jujutsucraft:cursed_spirit_grade_25":1,"jujutsucraft:cursed_spirit_grade_315":6,"jujutsucraft:cursed_spirit_grade_317":8,"jujutsucraft:cursed_spirit_grade_212":1,"jujutsucraft:cursed_spirit_grade_38":3,"jujutsucraft:cursed_spirit_grade_34":16,"jujutsucraft:cursed_spirit_grade_319":6,"minecraft:villager":12,"jujutsucraft:mei_mei":1,"minecraft:cow":2,"jujutsucraft:gravestone_3":2},"minecraft:picked_up":{"minecraft:birch_log":5,"minecraft:birch_leaves":1,"minecraft:coarse_dirt":1,"minecraft:chicken":2,"minecraft:ladder":5,"minecraft:suspicious_stew":1,"minecraft:salmon":1,"jujutsucraft:clothes_geto_boots":1,"minecraft:oak_log":10,"minecraft:lantern":6,"minecraft:dirt":13,"minecraft:smooth_sandstone":2,"minecraft:beef":1,"minecraft:birch_sapling":1,"minecraft:egg":3,"minecraft:sandstone":2,"jujutsucraft:uniform_normal_helmet":1,"jujutsucraft:dragon_bone":2,"minecraft:stick":3,"minecraft:stone":32,"minecraft:torch":5,"minecraft:sand":1,"minecraft:gravel":5,"minecraft:porkchop":5,"minecraft:diorite":2,"minecraft:grass_block":6,"minecraft:spruce_door":9,"minecraft:white_candle":4,"jujutsucraft:clothes_kashimo_hajime_helmet":1,"minecraft:oak_sapling":6,"minecraft:mutton":2,"minecraft:oak_leaves":12},"minecraft:custom":{"minecraft:mob_kills":265,"minecraft:interact_with_crafting_table":1,"minecraft:open_barrel":28,"minecraft:damage_dealt_resisted":62014,"minecraft:leave_game":3,"minecraft:time_since_death":2645,"minecraft:climb_one_cm":5318,"minecraft:damage_resisted":22570,"minecraft:time_since_rest":2691,"minecraft:damage_taken":28620,"minecraft:walk_one_cm":924243,"minecraft:sprint_one_cm":985403,"minecraft:drop":40,"minecraft:damage_dealt":401,"minecraft:swim_one_cm":37678,"minecraft:fly_one_cm":2314348,"minecraft:player_kills":9,"minecraft:open_chest":19,"minecraft:crouch_one_cm":107356,"minecraft:play_time":181285,"minecraft:deaths":60,"minecraft:sneak_time":26803,"minecraft:walk_under_water_one_cm":45613,"minecraft:jump":2975,"minecraft:walk_on_water_one_cm":31893,"minecraft:total_world_time":181285,"minecraft:interact_with_smoker":2,"minecraft:fall_one_cm":262615},"minecraft:used":{"jujutsucraft:clothes_geto_boots":1,"minecraft:spruce_door":1,"minecraft:birch_leaves":1,"minecraft:oak_planks":3,"minecraft:sandstone":1,"minecraft:stone":32,"jujutsucraft:uniform_gojo_boots":1,"minecraft:crafting_table":1,"jujutsucraft:dragon_bone":2,"minecraft:gravel":1,"jujutsucraft:sword_kusakabe":3,"minecraft:egg":1},"minecraft:dropped":{"minecraft:gravel":3,"minecraft:porkchop":5,"jujutsucraft:uniform_normal_leggings":1,"minecraft:birch_sapling":1,"minecraft:tall_grass":27,"jujutsucraft:clothes_geto_boots":1,"minecraft:lantern":3,"minecraft:white_candle":4,"minecraft:spruce_door":8,"minecraft:grass_block":5,"minecraft:salmon":1,"jujutsucraft:uniform_normal_chestplate":1,"minecraft:suspicious_stew":2,"minecraft:stick":1,"minecraft:dirt":10,"minecraft:potato":16,"minecraft:oak_button":10,"minecraft:diorite":2,"minecraft:stone_button":15,"minecraft:ladder":5,"jujutsucraft:uniform_normal_helmet":1,"minecraft:beef":1,"minecraft:wooden_pickaxe":1,"jujutsucraft:uniform_normal_boots":1,"jujutsucraft:dragon_bone":3,"minecraft:string":5,"minecraft:smooth_sandstone":2,"minecraft:birch_log":5,"minecraft:oak_leaves":11,"minecraft:egg":2},"minecraft:mined":{"minecraft:gray_stained_glass_pane":2,"minecraft:white_candle":1,"minecraft:birch_log":5,"minecraft:fire":1,"minecraft:lilac":1,"minecraft:birch_leaves":1,"minecraft:grass":3,"minecraft:oak_log":10,"minecraft:sand":1,"minecraft:gravel":3,"minecraft:oak_leaves":4},"minecraft:killed_by":{"jujutsucraft:cursed_spirit_grade_25":2,"jujutsucraft:cursed_spirit_grade_01":1,"jujutsucraft:cursed_spirit_grade_15":1,"minecraft:player":4,"jujutsucraft:shikigami_pterosaur":1,"jujutsucraft:negi_toshihisa":1,"jujutsucraft:cursed_spirit_grade_12":2,"jujutsucraft:cursed_spirit_grade_05":2,"jujutsucraft:jogo":24,"jujutsucraft:kumiya_juzo":1,"jujutsucraft:higuruma_hiromi":1,"jujutsucraft:cursed_spirit_grade_07":1,"jujutsucraft:cursed_spirit_grade_22":1,"jujutsucraft:uro_takako":1,"jujutsucraft:nanami_kento":1,"jujutsucraft:yorozu":1,"jujutsucraft:yoshino_junpei":2,"jujutsucraft:kusakabe_yatsuya":1,"jujutsucraft:fushiguro_toji":1,"jujutsucraft:fushiguro_megumi":2,"jujutsucraft:cursed_spirit_grade_314":1,"jujutsucraft:fushiguro_toji_bug":4,"jujutsucraft:cursed_spirit_grade_32":1,"jujutsucraft:itadori_yuji_shinjuku":1,"jujutsucraft:zenin_maki_culling_game":1},"minecraft:crafted":{"minecraft:oak_planks":40,"minecraft:crafting_table":1,"minecraft:wooden_pickaxe":1}},"DataVersion":3465}