{"stats":{"minecraft:mined":{"minecraft:large_amethyst_bud":1,"minecraft:spruce_planks":24,"minecraft:oak_sapling":2,"minecraft:white_bed":20,"minecraft:farmland":4,"minecraft:sculk_vein":45,"minecraft:cobblestone_stairs":12,"minecraft:brewing_stand":1,"minecraft:obsidian":50,"minecraft:granite":176,"minecraft:budding_amethyst":3,"minecraft:acacia_log":84,"minecraft:grass_block":685,"minecraft:cracked_polished_blackstone_bricks":6,"minecraft:polished_diorite":1,"minecraft:hopper":1,"minecraft:chiseled_stone_bricks":2,"minecraft:polished_blackstone_bricks":23,"minecraft:tall_seagrass":2,"minecraft:raw_iron_block":1,"minecraft:magma_block":58,"minecraft:sculk_catalyst":1,"minecraft:glowstone":61,"minecraft:iron_ore":110,"minecraft:fire":77,"minecraft:cobbled_deepslate":61,"minecraft:deepslate_lapis_ore":5,"minecraft:fletching_table":6,"minecraft:water_cauldron":4,"minecraft:dirt_path":64,"minecraft:oak_stairs":10,"minecraft:spruce_slab":2,"minecraft:orange_bed":5,"minecraft:deepslate_redstone_ore":31,"minecraft:red_bed":2,"minecraft:blackstone":537,"minecraft:kelp_plant":1,"minecraft:melon_stem":4,"minecraft:smoker":6,"minecraft:orange_terracotta":50,"minecraft:torch":14,"minecraft:blast_furnace":2,"minecraft:calcite":5,"minecraft:melon":13,"minecraft:chest":14,"minecraft:nether_quartz_ore":437,"minecraft:cobblestone":302,"minecraft:oak_planks":41,"minecraft:sugar_cane":712,"minecraft:grindstone":2,"minecraft:wall_torch":15,"minecraft:amethyst_block":21,"minecraft:deepslate_copper_ore":1,"minecraft:white_terracotta":4,"minecraft:seagrass":1,"minecraft:warped_nylium":25,"minecraft:warped_planks":7,"minecraft:birch_log":75,"minecraft:wheat":70,"minecraft:oak_log":197,"minecraft:sand":5,"minecraft:dirt":1121,"minecraft:smooth_basalt":6,"minecraft:ancient_debris":13,"minecraft:stonecutter":2,"minecraft:netherrack":11005,"minecraft:oak_leaves":77,"minecraft:deepslate":2161,"minecraft:nether_gold_ore":211,"minecraft:tuff":243,"minecraft:mossy_cobblestone":36,"minecraft:deepslate_diamond_ore":230,"minecraft:oak_door":9,"minecraft:spruce_fence":1,"minecraft:weeping_vines":1,"minecraft:spruce_leaves":323,"minecraft:kelp":1,"minecraft:acacia_slab":1,"minecraft:cartography_table":7,"minecraft:large_fern":5,"minecraft:hay_block":52,"minecraft:redstone_ore":4,"minecraft:spruce_sapling":12,"minecraft:carrots":81,"minecraft:nether_sprouts":1,"minecraft:acacia_wood":2,"minecraft:acacia_stairs":3,"minecraft:andesite":124,"minecraft:bookshelf":21,"minecraft:potatoes":357,"minecraft:deepslate_iron_ore":53,"minecraft:rail":4,"minecraft:warped_stem":8,"minecraft:stone":1488,"minecraft:white_wool":1,"minecraft:podzol":42,"minecraft:smithing_table":1,"minecraft:oak_slab":8,"minecraft:acacia_leaves":24,"minecraft:glass_pane":2,"minecraft:soul_sand":235,"minecraft:dandelion":1,"minecraft:basalt":871,"minecraft:spruce_door":1,"minecraft:oak_fence":6,"minecraft:crafting_table":24,"minecraft:short_grass":346,"minecraft:warped_roots":5,"minecraft:sculk_sensor":7,"minecraft:lectern":22,"minecraft:copper_ore":16,"minecraft:tall_grass":27,"minecraft:lapis_ore":7,"minecraft:deepslate_gold_ore":65,"minecraft:polished_blackstone_brick_stairs":1,"minecraft:sculk":357,"minecraft:diorite":83,"minecraft:blue_bed":6,"minecraft:warped_wart_block":4,"minecraft:spruce_stairs":1,"minecraft:birch_planks":1,"minecraft:birch_leaves":14,"minecraft:sweet_berry_bush":1,"minecraft:white_carpet":4,"minecraft:spruce_log":2298,"minecraft:white_wall_banner":1,"minecraft:yellow_bed":7,"minecraft:coal_ore":250,"minecraft:gravel":413,"minecraft:cobweb":100,"minecraft:terracotta":1,"minecraft:acacia_planks":17,"minecraft:stone_bricks":123,"minecraft:gold_ore":1},"minecraft:used":{"minecraft:oak_sign":2,"minecraft:spruce_slab":5,"minecraft:iron_shovel":1270,"minecraft:poppy":1,"minecraft:diamond_hoe":373,"minecraft:shield":157,"minecraft:chest":18,"minecraft:iron_sword":15,"minecraft:rotten_flesh":3,"minecraft:iron_chestplate":2,"minecraft:soul_sand":229,"minecraft:carrot":111,"minecraft:tuff":73,"minecraft:obsidian":24,"minecraft:spruce_boat":1,"minecraft:lava_bucket":102,"minecraft:birch_sapling":12,"minecraft:warped_nylium":1,"minecraft:iron_helmet":3,"minecraft:stone_bricks":711,"minecraft:magma_block":2,"minecraft:bow":81,"minecraft:hay_block":3,"minecraft:sweet_berries":3,"minecraft:oak_sapling":14,"minecraft:potato":388,"minecraft:oak_planks":253,"minecraft:diorite":7,"minecraft:stone_pickaxe":893,"minecraft:spruce_door":3,"minecraft:ender_pearl":5,"minecraft:blackstone":28,"minecraft:wooden_pickaxe":28,"minecraft:sugar_cane":50,"minecraft:composter":1,"minecraft:diamond_axe":2131,"minecraft:blue_bed":4,"minecraft:golden_apple":3,"minecraft:white_wool":2,"minecraft:blast_furnace":3,"minecraft:crossbow":74,"minecraft:deepslate_tiles":4,"minecraft:bread":47,"minecraft:lectern":23,"minecraft:deepslate":2,"minecraft:gravel":39,"minecraft:diamond_sword":1995,"minecraft:andesite":48,"minecraft:oak_fence":2,"minecraft:oak_boat":2,"minecraft:grindstone":3,"minecraft:smithing_table":2,"minecraft:bone_meal":125,"minecraft:stone_sword":31,"minecraft:acacia_log":71,"minecraft:flint_and_steel":48,"minecraft:stone_shovel":6,"minecraft:spruce_planks":70,"minecraft:netherrack":1758,"minecraft:orange_bed":5,"minecraft:oak_door":9,"minecraft:torch":145,"minecraft:brewing_stand":1,"minecraft:dirt":1166,"minecraft:warped_wart_block":1,"minecraft:ancient_debris":5,"minecraft:white_carpet":6,"minecraft:hopper":2,"minecraft:nether_quartz_ore":11,"minecraft:spruce_stairs":9,"minecraft:diamond_helmet":1,"minecraft:granite":55,"minecraft:spruce_fence":4,"minecraft:iron_hoe":291,"minecraft:wooden_axe":27,"minecraft:bookshelf":5,"minecraft:acacia_slab":2,"minecraft:iron_axe":950,"minecraft:oak_stairs":34,"minecraft:polished_blackstone_brick_stairs":1,"minecraft:iron_boots":4,"minecraft:glowstone":21,"minecraft:basalt":246,"minecraft:golden_carrot":43,"minecraft:netherite_pickaxe":7104,"minecraft:orange_terracotta":49,"minecraft:enchanted_golden_apple":1,"minecraft:cooked_beef":74,"minecraft:cobbled_deepslate":450,"minecraft:acacia_planks":8,"minecraft:golden_axe":9,"minecraft:iron_leggings":2,"minecraft:wheat_seeds":72,"minecraft:cooked_mutton":17,"minecraft:water_bucket":31,"minecraft:cobblestone_stairs":76,"minecraft:baked_potato":307,"minecraft:cartography_table":5,"minecraft:spruce_sign":2,"minecraft:fletching_table":12,"minecraft:stonecutter":2,"minecraft:cobblestone_slab":2,"minecraft:warped_roots":6,"minecraft:salmon":1,"minecraft:crafting_table":35,"minecraft:white_bed":22,"minecraft:spruce_log":37,"minecraft:oak_slab":19,"minecraft:red_bed":2,"minecraft:warped_planks":20,"minecraft:smoker":6,"minecraft:nether_gold_ore":44,"minecraft:oak_log":10,"minecraft:acacia_stairs":3,"minecraft:black_wool":2,"minecraft:diamond_pickaxe":8563,"minecraft:apple":1,"minecraft:diamond_shovel":880,"minecraft:iron_pickaxe":2533,"minecraft:leather_helmet":1,"minecraft:spruce_sapling":183,"minecraft:golden_leggings":2,"minecraft:stone_axe":160,"minecraft:chiseled_stone_bricks":6,"minecraft:fishing_rod":3,"minecraft:cobblestone":183,"minecraft:potion":2,"minecraft:bucket":135,"minecraft:glass_pane":2,"minecraft:pumpkin_pie":4,"minecraft:yellow_bed":6,"minecraft:splash_potion":1,"minecraft:diamond_leggings":2},"minecraft:picked_up":{"minecraft:iron_chestplate":12,"minecraft:wheat":80,"minecraft:smithing_table":1,"minecraft:lead":3,"minecraft:diamond_sword":11,"minecraft:oak_stairs":28,"minecraft:enchanted_book":3,"minecraft:potion":5,"minecraft:gilded_blackstone":1,"minecraft:nether_brick":75,"minecraft:brewing_stand":1,"minecraft:golden_sword":1,"minecraft:amethyst_block":20,"minecraft:polished_blackstone_brick_stairs":1,"minecraft:string":221,"minecraft:raw_copper":71,"minecraft:deepslate_lapis_ore":2,"minecraft:iron_leggings":10,"minecraft:oak_sign":2,"minecraft:activator_rail":6,"minecraft:diamond_leggings":2,"minecraft:gold_nugget":970,"minecraft:cobbled_deepslate":3030,"minecraft:bucket":1,"minecraft:spruce_planks":97,"minecraft:cobblestone_slab":2,"minecraft:calcite":3,"minecraft:netherite_upgrade_smithing_template":1,"minecraft:iron_pickaxe":7,"minecraft:melon_slice":4,"minecraft:iron_boots":11,"minecraft:stick":233,"minecraft:composter":1,"minecraft:oak_fence":7,"minecraft:torch":114,"minecraft:acacia_log":86,"minecraft:spruce_stairs":1,"minecraft:porkchop":10,"minecraft:diorite":63,"minecraft:warped_planks":6,"minecraft:cauldron":8,"minecraft:orange_bed":5,"minecraft:stone_sword":2,"minecraft:nether_gold_ore":81,"minecraft:rotten_flesh":231,"minecraft:glowstone":66,"minecraft:bookshelf":16,"minecraft:white_terracotta":4,"minecraft:obsidian":61,"minecraft:cobblestone":2062,"minecraft:birch_log":75,"minecraft:pink_petals":15,"minecraft:magma_block":41,"minecraft:feather":2,"minecraft:cooked_beef":10,"minecraft:magma_cream":3,"minecraft:water_bucket":3,"minecraft:andesite":206,"minecraft:golden_leggings":2,"minecraft:potato":1326,"minecraft:smoker":6,"minecraft:flint":187,"minecraft:tuff":254,"minecraft:lapis_lazuli":66,"minecraft:dirt":2674,"minecraft:bone":509,"minecraft:acacia_planks":17,"minecraft:stonecutter":2,"minecraft:bow":53,"minecraft:wheat_seeds":396,"minecraft:raw_gold":102,"minecraft:grindstone":4,"minecraft:diamond_helmet":2,"minecraft:fletching_table":6,"minecraft:rabbit":1,"minecraft:moss_block":4,"minecraft:oak_planks":262,"minecraft:warped_wart_block":4,"minecraft:poisonous_potato":15,"minecraft:sand":5,"minecraft:melon":13,"minecraft:ink_sac":46,"minecraft:grass_block":2,"minecraft:acacia_stairs":3,"minecraft:spectral_arrow":65,"minecraft:mossy_cobblestone":36,"minecraft:iron_hoe":2,"minecraft:deepslate":51,"minecraft:diamond":320,"minecraft:spruce_boat":1,"minecraft:cracked_polished_blackstone_bricks":4,"minecraft:crossbow":8,"minecraft:granite":170,"minecraft:golden_apple":5,"minecraft:bread":158,"minecraft:chainmail_helmet":2,"minecraft:golden_horse_armor":1,"minecraft:emerald":28,"minecraft:oak_sapling":31,"minecraft:netherrack":4750,"minecraft:crimson_roots":4,"minecraft:diamond_pickaxe":4,"minecraft:fishing_rod":1,"minecraft:crafting_table":21,"minecraft:splash_potion":2,"minecraft:chest_minecart":3,"minecraft:brown_mushroom":1,"minecraft:wooden_pickaxe":1,"minecraft:gold_block":1,"minecraft:diamond_horse_armor":1,"minecraft:shield":7,"minecraft:cornflower":2,"minecraft:red_bed":2,"minecraft:acacia_door":2,"minecraft:iron_axe":10,"minecraft:white_carpet":6,"minecraft:iron_shovel":1,"minecraft:blackstone":491,"minecraft:glass_pane":2,"minecraft:cartography_table":7,"minecraft:detector_rail":4,"minecraft:beef":253,"minecraft:oak_boat":2,"minecraft:iron_nugget":138,"minecraft:poppy":10,"minecraft:light_gray_wool":1,"minecraft:spruce_slab":4,"minecraft:lectern":22,"minecraft:sugar_cane":1189,"minecraft:chest":14,"minecraft:birch_sapling":12,"minecraft:egg":2,"minecraft:phantom_membrane":3,"minecraft:diamond_hoe":1,"minecraft:raw_iron":228,"minecraft:stone":160,"minecraft:oak_door":9,"minecraft:spruce_fence":1,"minecraft:fire_charge":9,"minecraft:polished_blackstone_bricks":19,"minecraft:carrot":312,"minecraft:redstone":162,"minecraft:netherite_pickaxe":3,"minecraft:iron_horse_armor":1,"minecraft:arrow":246,"minecraft:diamond_chestplate":2,"minecraft:beetroot_seeds":10,"minecraft:diamond_boots":1,"minecraft:hay_block":55,"minecraft:saddle":7,"minecraft:gold_ingot":236,"minecraft:totem_of_undying":1,"minecraft:glow_berries":6,"minecraft:mutton":7,"minecraft:white_wool":27,"minecraft:rail":40,"minecraft:basalt":641,"minecraft:golden_carrot":2,"minecraft:glow_ink_sac":8,"minecraft:salmon":10,"minecraft:leather":232,"minecraft:acacia_wood":2,"minecraft:birch_planks":1,"minecraft:oak_log":323,"minecraft:ancient_debris":15,"minecraft:yellow_bed":7,"minecraft:gunpowder":9,"minecraft:cobblestone_stairs":12,"minecraft:blue_bed":4,"minecraft:white_banner":2,"minecraft:orange_terracotta":49,"minecraft:cooked_mutton":14,"minecraft:apple":17,"minecraft:stone_bricks":306,"minecraft:kelp":2,"minecraft:warped_stem":7,"minecraft:iron_ingot":190,"minecraft:stone_pickaxe":2,"minecraft:glass_bottle":3,"minecraft:acacia_sapling":1,"minecraft:iron_sword":2,"minecraft:soul_sand":246,"minecraft:book":18,"minecraft:oak_slab":10,"minecraft:smooth_basalt":6,"minecraft:nether_quartz_ore":95,"minecraft:sweet_berries":3,"minecraft:chiseled_stone_bricks":2,"minecraft:quartz":718,"minecraft:dandelion":25,"minecraft:raw_iron_block":1,"minecraft:gravel":469,"minecraft:amethyst_shard":6,"minecraft:spruce_sapling":187,"minecraft:blast_furnace":2,"minecraft:white_bed":22,"minecraft:spruce_log":2383,"minecraft:crying_obsidian":15,"minecraft:spider_eye":13,"minecraft:spruce_door":2,"minecraft:leather_helmet":2,"minecraft:diamond_shovel":1,"minecraft:pumpkin_seeds":1,"minecraft:stone_axe":3,"minecraft:iron_helmet":12,"minecraft:warped_roots":14,"minecraft:terracotta":1,"minecraft:baked_potato":230,"minecraft:melon_seeds":12,"minecraft:acacia_slab":2,"minecraft:black_wool":2,"minecraft:warped_nylium":1,"minecraft:coal":364,"minecraft:hopper":1,"minecraft:ender_pearl":21},"minecraft:custom":{"minecraft:animals_bred":10,"minecraft:interact_with_crafting_table":179,"minecraft:bell_ring":4,"minecraft:leave_game":30,"minecraft:time_since_death":588720,"minecraft:damage_resisted":19,"minecraft:sprint_one_cm":4323918,"minecraft:damage_blocked_by_shield":5915,"minecraft:drop":779,"minecraft:talked_to_villager":282,"minecraft:play_time":1945762,"minecraft:deaths":13,"minecraft:jump":29296,"minecraft:walk_on_water_one_cm":176345,"minecraft:enchant_item":10,"minecraft:interact_with_furnace":154,"minecraft:traded_with_villager":608,"minecraft:interact_with_cartography_table":1,"minecraft:sleep_in_bed":65,"minecraft:damage_dealt":141704,"minecraft:player_kills":2,"minecraft:crouch_one_cm":368769,"minecraft:interact_with_smoker":92,"minecraft:interact_with_smithing_table":4,"minecraft:horse_one_cm":968614,"minecraft:interact_with_anvil":22,"minecraft:mob_kills":980,"minecraft:inspect_hopper":32,"minecraft:climb_one_cm":80566,"minecraft:walk_one_cm":5358013,"minecraft:raid_win":2,"minecraft:sneak_time":97761,"minecraft:walk_under_water_one_cm":111680,"minecraft:boat_one_cm":111817,"minecraft:interact_with_blast_furnace":45,"minecraft:total_world_time":1945762,"minecraft:interact_with_stonecutter":13,"minecraft:interact_with_grindstone":3,"minecraft:time_since_rest":59055,"minecraft:damage_absorbed":170,"minecraft:damage_taken":26585,"minecraft:swim_one_cm":252279,"minecraft:fly_one_cm":4101845,"minecraft:open_chest":779,"minecraft:fall_one_cm":587257},"minecraft:dropped":{"minecraft:birch_planks":1,"minecraft:iron_sword":2,"minecraft:acacia_wood":1,"minecraft:moss_block":4,"minecraft:cooked_beef":1,"minecraft:oak_log":17,"minecraft:baked_potato":115,"minecraft:glass_bottle":2,"minecraft:diamond":97,"minecraft:cooked_porkchop":10,"minecraft:crossbow":5,"minecraft:warped_roots":5,"minecraft:leather":4,"minecraft:chest_minecart":2,"minecraft:saddle":1,"minecraft:leather_helmet":3,"minecraft:cracked_polished_blackstone_bricks":1,"minecraft:dirt":5,"minecraft:cornflower":1,"minecraft:gold_nugget":25,"minecraft:sand":3,"minecraft:iron_pickaxe":1,"minecraft:acacia_door":2,"minecraft:white_wool":1,"minecraft:cauldron":4,"minecraft:gold_ingot":261,"minecraft:gravel":24,"minecraft:stone_axe":1,"minecraft:blackstone":104,"minecraft:iron_nugget":38,"minecraft:cobbled_deepslate":530,"minecraft:nether_brick":6,"minecraft:wheat":11,"minecraft:rotten_flesh":15,"minecraft:oak_planks":7,"minecraft:diamond_shovel":1,"minecraft:white_bed":2,"minecraft:warped_planks":1,"minecraft:poppy":4,"minecraft:gunpowder":1,"minecraft:beetroot_seeds":2,"minecraft:spruce_slab":3,"minecraft:basalt":139,"minecraft:arrow":37,"minecraft:beef":10,"minecraft:quartz":7,"minecraft:netherrack":1691,"minecraft:cartography_table":2,"minecraft:egg":2,"minecraft:enchanted_book":1,"minecraft:golden_boots":1,"minecraft:iron_ingot":31,"minecraft:bread":151,"minecraft:oak_slab":3,"minecraft:netherite_pickaxe":3,"minecraft:wheat_seeds":283,"minecraft:diamond_leggings":2,"minecraft:poisonous_potato":15,"minecraft:iron_helmet":14,"minecraft:feather":2,"minecraft:cobblestone":144,"minecraft:spectral_arrow":6,"minecraft:granite":39,"minecraft:activator_rail":2,"minecraft:chainmail_helmet":2,"minecraft:coal":6,"minecraft:golden_apple":1,"minecraft:golden_carrot":3,"minecraft:torch":10,"minecraft:diamond_helmet":2,"minecraft:potion":1,"minecraft:iron_leggings":5,"minecraft:iron_axe":5,"minecraft:polished_basalt":64,"minecraft:paper":14,"minecraft:string":3,"minecraft:pink_petals":15,"minecraft:acacia_planks":1,"minecraft:spruce_sapling":5,"minecraft:dandelion":21,"minecraft:kelp":2,"minecraft:stone_sword":1,"minecraft:diamond_hoe":1,"minecraft:tuff":35,"minecraft:raw_iron":4,"minecraft:light_gray_wool":1,"minecraft:iron_boots":5,"minecraft:iron_hoe":1,"minecraft:white_terracotta":1,"minecraft:totem_of_undying":1,"minecraft:pumpkin_seeds":3,"minecraft:diamond_sword":4,"minecraft:potato":176,"minecraft:shield":2,"minecraft:diamond_chestplate":1,"minecraft:spruce_planks":1,"minecraft:diamond_pickaxe":3,"minecraft:iron_chestplate":7,"minecraft:andesite":105,"minecraft:yellow_bed":1,"minecraft:golden_leggings":1,"minecraft:oak_sapling":4,"minecraft:golden_sword":1,"minecraft:spruce_log":142,"minecraft:bow":92,"minecraft:wooden_pickaxe":1,"minecraft:raw_gold":7},"minecraft:killed_by":{"minecraft:piglin_brute":1,"minecraft:player":6,"minecraft:enderman":2},"minecraft:killed":{"minecraft:cave_spider":2,"minecraft:witch":1,"minecraft:zombified_piglin":2,"minecraft:spider":10,"minecraft:skeleton":520,"minecraft:magma_cube":24,"minecraft:piglin":11,"minecraft:pig":1,"minecraft:zombie_villager":2,"minecraft:salmon":5,"minecraft:iron_golem":4,"minecraft:creeper":7,"minecraft:sheep":5,"minecraft:pillager":6,"minecraft:zombie":247,"minecraft:glow_squid":4,"minecraft:cow":76,"minecraft:vindicator":3,"minecraft:phantom":2,"minecraft:horse":8,"minecraft:rabbit":1,"minecraft:ravager":1,"minecraft:hoglin":1,"minecraft:squid":12,"minecraft:enderman":11},"minecraft:broken":{"minecraft:iron_shovel":4,"minecraft:golden_leggings":1,"minecraft:stone_pickaxe":6,"minecraft:diamond_pickaxe":1,"minecraft:stone_axe":1,"minecraft:iron_hoe":1,"minecraft:shield":1,"minecraft:iron_axe":3,"minecraft:iron_pickaxe":10},"minecraft:crafted":{"minecraft:oak_planks":732,"minecraft:cobblestone_stairs":64,"minecraft:stone":592,"minecraft:diamond_shovel":1,"minecraft:bookshelf":11,"minecraft:cooked_mutton":5,"minecraft:warped_planks":28,"minecraft:quartz_block":161,"minecraft:glass":28,"minecraft:hopper":1,"minecraft:bow":6,"minecraft:diamond_helmet":4,"minecraft:diamond_leggings":4,"minecraft:iron_boots":2,"minecraft:polished_blackstone":264,"minecraft:chest":9,"minecraft:polished_basalt":248,"minecraft:oak_slab":24,"minecraft:arrow":128,"minecraft:emerald":530,"minecraft:cooked_porkchop":10,"minecraft:diamond_axe":4,"minecraft:crafting_table":18,"minecraft:spruce_planks":7484,"minecraft:wooden_pickaxe":2,"minecraft:iron_helmet":9,"minecraft:baked_potato":435,"minecraft:spruce_door":3,"minecraft:smithing_table":1,"minecraft:fletching_table":6,"minecraft:birch_planks":300,"minecraft:lectern":3,"minecraft:iron_chestplate":3,"minecraft:book":55,"minecraft:paper":912,"minecraft:diamond_pickaxe":4,"minecraft:shield":6,"minecraft:stick":15295,"minecraft:iron_ingot":240,"minecraft:iron_pickaxe":11,"minecraft:stone_sword":1,"minecraft:gold_ingot":190,"minecraft:netherite_ingot":3,"minecraft:polished_blackstone_bricks":264,"minecraft:deepslate_bricks":4,"minecraft:shears":2,"minecraft:golden_carrot":51,"minecraft:redstone":22,"minecraft:raw_iron":4,"minecraft:stone_shovel":1,"minecraft:diamond_hoe":1,"minecraft:spruce_button":64,"minecraft:bone_meal":207,"minecraft:spruce_fence":3,"minecraft:flint_and_steel":1,"minecraft:spruce_stairs":8,"minecraft:polished_deepslate":4,"minecraft:iron_axe":6,"minecraft:spruce_slab":6,"minecraft:stone_pickaxe":7,"minecraft:diamond_boots":5,"minecraft:spruce_boat":1,"minecraft:redstone_block":20,"minecraft:netherite_scrap":12,"minecraft:wheat":198,"minecraft:cooked_beef":103,"minecraft:crossbow":3,"minecraft:netherite_pickaxe":1,"minecraft:diamond_sword":2,"minecraft:spruce_sign":3,"minecraft:enchanting_table":1,"minecraft:iron_sword":1,"minecraft:nether_bricks":17,"minecraft:bucket":3,"minecraft:deepslate_tiles":4,"minecraft:stone_axe":1,"minecraft:enchanted_book":15,"minecraft:air":0,"minecraft:bread":64,"minecraft:oak_boat":1,"minecraft:white_wool":11,"minecraft:gold_nugget":333,"minecraft:flint":90,"minecraft:oak_stairs":16,"minecraft:wooden_axe":1,"minecraft:iron_shovel":2,"minecraft:iron_leggings":2,"minecraft:white_bed":4,"minecraft:pumpkin_pie":4,"minecraft:acacia_planks":20,"minecraft:torch":104,"minecraft:diamond_chestplate":4}},"DataVersion":3700}