{"stats":{"minecraft:killed":{"jujutsucraft:cursed_spirit_grade_32":5,"jujutsucraft:cursed_spirit_grade_31":2,"jujutsucraft:cursed_spirit_grade_33":17,"jujutsucraft:cursed_spirit_grade_35":2,"jujutsucraft:cursed_spirit_grade_316":1,"jujutsucraft:cursed_spirit_grade_318":4,"minecraft:cod":10,"minecraft:dolphin":2,"jujutsucraft:transfigured_human_2":1,"jujutsucraft:cursed_spirit_grade_01":1,"jujutsucraft:miwa_kasumi":1,"jujutsucraft:cursed_spirit_grade_39":11,"jujutsucraft:cursed_spirit_grade_15":1,"minecraft:chicken":3,"jujutsucraft:rabbit_escape":36,"jujutsucraft:rozetsu_shikigami":1,"jujutsucraft:itadori_yuji_shibuya":1,"jujutsucraft:cursed_spirit_grade_317":10,"jujutsucraft:cursed_spirit_grade_38":3,"jujutsucraft:cursed_spirit_grade_34":9,"minecraft:pig":2,"jujutsucraft:ice_spear_2":1,"minecraft:salmon":4,"jujutsucraft:curse_user_1":1,"jujutsucraft:cursed_spirit_grade_211":1,"minecraft:sheep":3,"minecraft:pillager":5,"jujutsucraft:cursed_spirit_grade_314":8,"jujutsucraft:entity_scissors":11,"jujutsucraft:crow":6,"jujutsucraft:cursed_spirit_grade_310":2,"jujutsucraft:negi_toshihisa":1,"jujutsucraft:cursed_spirit_grade_36":7,"jujutsucraft:cursed_spirit_grade_315":11,"jujutsucraft:cursed_spirit_grade_212":1,"jujutsucraft:cursed_spirit_grade_319":3,"minecraft:cow":1,"jujutsucraft:fushiguro_megumi":1,"jujutsucraft:gravestone_3":1},"minecraft:picked_up":{"minecraft:coarse_dirt":1,"jujutsucraft:slaughter_demon":1,"minecraft:chicken":3,"jujutsucraft:uniform_normal_boots":3,"jujutsucraft:clothes_geto_boots":1,"jujutsucraft:black_rope":1,"minecraft:stone_brick_stairs":3,"minecraft:string":11,"minecraft:item_frame":2,"minecraft:dark_oak_leaves":2,"minecraft:waxed_exposed_cut_copper":1,"jujutsucraft:sword_black":1,"minecraft:copper_ore":1,"minecraft:egg":1,"minecraft:dark_oak_door":2,"minecraft:stick":11,"jujutsucraft:uniform_geto_leggings":2,"minecraft:stone":88,"jujutsucraft:playful_cloud":1,"minecraft:torch":2,"minecraft:spruce_fence":1,"jujutsucraft:sword_okkotsu_yuta":2,"minecraft:diorite":5,"minecraft:vine":5,"jujutsucraft:clothes_geto_helmet":2,"jujutsucraft:hammer":1,"minecraft:mutton":4,"minecraft:cod":4,"minecraft:rail":2,"minecraft:white_wool":1,"minecraft:cobblestone":13,"minecraft:cracked_deepslate_tiles":2,"minecraft:birch_log":1,"minecraft:birch_leaves":3,"minecraft:feather":3,"jujutsucraft:recommendation_1":1,"minecraft:iron_door":1,"minecraft:salmon":4,"jujutsucraft:sukuna_finger":1,"minecraft:oak_log":11,"jujutsucraft:clothes_geto_leggings":1,"jujutsucraft:clothes_geto_chestplate":1,"minecraft:dirt":16,"minecraft:lantern":1,"minecraft:white_banner":2,"jujutsucraft:uniform_normal_leggings":3,"jujutsucraft:pendant_todo_aoi":1,"minecraft:stone_bricks":1,"minecraft:kelp":30,"minecraft:bow":1,"minecraft:wheat_seeds":1,"minecraft:dark_oak_sign":2,"jujutsucraft:uniform_itadori_chestplate":1,"minecraft:waxed_exposed_copper":5,"jujutsucraft:dragon_bone":1,"jujutsucraft:cursed_spirit_ball":1,"jujutsucraft:item_insect":1,"minecraft:gravel":8,"jujutsucraft:uniform_normal_chestplate":3,"minecraft:grass_block":4,"minecraft:spruce_log":6,"minecraft:spectral_arrow":1,"minecraft:spruce_door":2,"minecraft:stripped_jungle_log":2,"minecraft:stripped_acacia_log":1,"minecraft:oak_sapling":6,"minecraft:black_wool":1,"minecraft:oak_leaves":3},"minecraft:custom":{"minecraft:mob_kills":210,"minecraft:interact_with_crafting_table":2,"minecraft:open_barrel":15,"minecraft:damage_dealt_resisted":54775,"minecraft:leave_game":1,"minecraft:time_since_death":7607,"minecraft:climb_one_cm":6990,"minecraft:damage_resisted":67812,"minecraft:sprint_one_cm":2225134,"minecraft:walk_one_cm":904611,"minecraft:drop":88,"minecraft:damage_dealt_absorbed":1323,"minecraft:talked_to_villager":2,"minecraft:play_time":194905,"minecraft:deaths":86,"minecraft:sneak_time":841,"minecraft:walk_under_water_one_cm":39766,"minecraft:jump":6141,"minecraft:walk_on_water_one_cm":96610,"minecraft:total_world_time":194905,"minecraft:interact_with_furnace":2,"minecraft:raid_trigger":1,"minecraft:time_since_rest":7657,"minecraft:damage_taken":53626,"minecraft:trigger_trapped_chest":4,"minecraft:damage_dealt":4394,"minecraft:swim_one_cm":132427,"minecraft:fly_one_cm":4229573,"minecraft:player_kills":8,"minecraft:open_chest":59,"minecraft:crouch_one_cm":4428,"minecraft:interact_with_smoker":1,"minecraft:fall_one_cm":451571},"minecraft:used":{"jujutsucraft:clothes_geto_boots":1,"minecraft:stone":39,"minecraft:dirt":7,"minecraft:egg":1,"minecraft:birch_leaves":1,"minecraft:dark_oak_sign":1,"minecraft:stone_pickaxe":8,"minecraft:wooden_pickaxe":11,"minecraft:crafting_table":1,"jujutsucraft:uniform_normal_chestplate":1,"jujutsucraft:sword_okkotsu_yuta":1,"minecraft:stone_axe":4,"minecraft:birch_log":1,"minecraft:coarse_dirt":1},"minecraft:dropped":{"minecraft:vine":5,"minecraft:birch_leaves":2,"minecraft:wheat_seeds":1,"minecraft:oak_log":6,"minecraft:feather":3,"minecraft:cobblestone":5,"jujutsucraft:sword_black":1,"minecraft:spectral_arrow":1,"minecraft:lantern":1,"minecraft:stripped_jungle_log":2,"minecraft:spruce_door":2,"minecraft:rail":2,"minecraft:grass_block":4,"minecraft:cod":4,"minecraft:item_frame":2,"jujutsucraft:slaughter_demon":4,"minecraft:dark_oak_leaves":2,"minecraft:dirt":7,"minecraft:diorite":5,"minecraft:waxed_exposed_copper":5,"minecraft:mutton":4,"minecraft:cracked_deepslate_tiles":2,"minecraft:iron_door":1,"jujutsucraft:clothes_geto_helmet":1,"minecraft:white_banner":2,"minecraft:string":22,"minecraft:white_wool":1,"jujutsucraft:sukuna_finger":1,"minecraft:gravel":8,"jujutsucraft:nyoi_staff":1,"minecraft:dark_oak_door":2,"minecraft:kelp":9,"jujutsucraft:uniform_normal_leggings":3,"minecraft:stone_sword":1,"minecraft:dark_oak_sign":1,"minecraft:chicken":3,"jujutsucraft:sword_okkotsu_yuta":2,"minecraft:oak_planks":9,"minecraft:waxed_exposed_cut_copper":1,"minecraft:spruce_fence":1,"minecraft:salmon":3,"minecraft:carrot":5,"jujutsucraft:uniform_normal_chestplate":3,"minecraft:suspicious_stew":1,"minecraft:copper_ore":1,"minecraft:stone":15,"jujutsucraft:sword_kusakabe":1,"minecraft:oak_sapling":6,"minecraft:stone_bricks":1,"minecraft:spruce_log":6,"minecraft:wooden_pickaxe":1,"jujutsucraft:uniform_normal_boots":3,"minecraft:stone_brick_stairs":3,"minecraft:oak_leaves":3,"minecraft:black_wool":1},"minecraft:mined":{"minecraft:spruce_fence":1,"minecraft:waxed_exposed_copper":2,"minecraft:stone":13,"minecraft:glass_pane":4,"minecraft:iron_door":2,"minecraft:spruce_log":2,"minecraft:cracked_deepslate_tiles":1,"minecraft:oak_log":9,"minecraft:waxed_exposed_cut_copper":1},"minecraft:killed_by":{"jujutsucraft:cursed_spirit_grade_25":1,"jujutsucraft:cursed_spirit_grade_01":1,"jujutsucraft:cursed_spirit_grade_15":5,"jujutsucraft:cursed_spirit_grade_39":1,"minecraft:player":4,"jujutsucraft:cursed_spirit_grade_16":4,"jujutsucraft:cursed_spirit_grade_310":1,"jujutsucraft:cursed_spirit_grade_05":5,"jujutsucraft:cursed_spirit_grade_33":1,"jujutsucraft:cursed_spirit_grade_22":2,"jujutsucraft:cursed_spirit_grade_110":1,"jujutsucraft:curse_user_1":1,"jujutsucraft:yoshino_junpei":1,"jujutsucraft:kusakabe_yatsuya":2,"jujutsucraft:fushiguro_megumi":1,"jujutsucraft:cursed_spirit_grade_315":1,"jujutsucraft:fushiguro_toji_bug":2,"jujutsucraft:eso":1,"jujutsucraft:itadori_yuji_shinjuku":1,"jujutsucraft:sukuna_fushiguro":1,"jujutsucraft:kurusu_hana":1,"jujutsucraft:okkotsu_yuta_culling_game":1,"jujutsucraft:zenin_chojuro":1,"jujutsucraft:jogo":29,"jujutsucraft:higuruma_hiromi":2,"jujutsucraft:uraume":1,"jujutsucraft:dhruv_lakdawalla":1,"jujutsucraft:cursed_spirit_grade_29":1,"jujutsucraft:cursed_spirit_grade_06":1,"jujutsucraft:geto_suguru_curse_user":2},"minecraft:crafted":{"minecraft:oak_planks":20,"minecraft:stone_pickaxe":1,"minecraft:crafting_table":1,"minecraft:wooden_pickaxe":1,"minecraft:stone_axe":1,"minecraft:stick":8,"minecraft:stone_sword":1}},"DataVersion":3465}