{"stats":{"minecraft:dropped":{"minecraft:leather_chestplate":1,"minecraft:item_frame":1},"minecraft:picked_up":{"minecraft:leather_chestplate":1,"jujutsucraft:uniform_normal_boots":1,"jujutsucraft:uniform_normal_chestplate":1,"minecraft:stone_button":1,"minecraft:golden_sword":1,"minecraft:spectral_arrow":1,"minecraft:dirt":1,"jujutsucraft:clothes_choso_chestplate":1,"jujutsucraft:clothes_choso_helmet":1,"minecraft:iron_axe":2,"jujutsucraft:uniform_normal_leggings":1,"minecraft:item_frame":8,"minecraft:bone":2,"jujutsucraft:clothes_fushiguro_toji_leggings":1,"minecraft:stone_axe":2,"minecraft:bow":1,"jujutsucraft:clothes_jogo_chestplate":1,"minecraft:painting":4,"minecraft:white_concrete":2},"minecraft:mined":{"minecraft:glass_pane":2,"minecraft:dirt":1},"minecraft:custom":{"minecraft:time_since_rest":1085,"minecraft:sprint_one_cm":178066,"minecraft:damage_taken":6481,"minecraft:walk_one_cm":82906,"minecraft:mob_kills":10,"minecraft:drop":2,"minecraft:damage_dealt":4,"minecraft:damage_dealt_absorbed":141,"minecraft:fly_one_cm":331837,"minecraft:player_kills":3,"minecraft:play_time":17898,"minecraft:deaths":17,"minecraft:jump":536,"minecraft:damage_dealt_resisted":2869,"minecraft:time_since_death":1054,"minecraft:walk_on_water_one_cm":571,"minecraft:total_world_time":17898,"minecraft:damage_resisted":419,"minecraft:fall_one_cm":15578},"minecraft:used":{"minecraft:iron_axe":1,"jujutsucraft:uniform_normal_boots":1,"minecraft:dirt":1,"jujutsucraft:uniform_normal_leggings":1,"jujutsucraft:uniform_normal_chestplate":1},"minecraft:killed_by":{"jujutsucraft:cursed_spirit_grade_01":1,"jujutsucraft:mei_mei":1,"minecraft:player":7,"jujutsucraft:kenjaku":2,"jujutsucraft:kumiya_juzo":1,"jujutsucraft:jujutsu_sorcerer":4},"minecraft:killed":{"minecraft:wolf":1,"jujutsucraft:cursed_spirit_grade_314":2,"jujutsucraft:cursed_spirit_grade_310":1,"jujutsucraft:cursed_spirit_grade_35":1,"jujutsucraft:yoshino_junpei":1,"jujutsucraft:cursed_spirit_grade_315":1,"minecraft:villager":1,"jujutsucraft:divine_dog_white":1}},"DataVersion":3465}