{"stats":{"minecraft:killed":{"jujutsucraft:cursed_spirit_grade_32":4,"jujutsucraft:cursed_spirit_grade_31":1,"jujutsucraft:cursed_spirit_grade_33":7,"jujutsucraft:cursed_spirit_grade_35":2,"jujutsucraft:cursed_spirit_grade_318":3,"jujutsucraft:cursed_spirit_grade_211":1,"jujutsucraft:miwa_kasumi":1,"jujutsucraft:cursed_spirit_grade_39":6,"jujutsucraft:cursed_spirit_grade_314":1,"jujutsucraft:crow":4,"jujutsucraft:rabbit_escape":1,"minecraft:chicken":3,"jujutsucraft:cursed_spirit_grade_15":1,"jujutsucraft:cursed_spirit_grade_36":3,"jujutsucraft:cursed_spirit_grade_317":6,"jujutsucraft:cursed_spirit_grade_315":3,"jujutsucraft:cursed_spirit_grade_38":1,"jujutsucraft:cursed_spirit_grade_212":1,"jujutsucraft:cursed_spirit_grade_34":4,"jujutsucraft:cursed_spirit_grade_319":1},"minecraft:picked_up":{"minecraft:cracked_deepslate_tiles":2,"minecraft:birch_leaves":1,"minecraft:feather":3,"jujutsucraft:slaughter_demon":1,"minecraft:chicken":2,"minecraft:iron_door":1,"jujutsucraft:recommendation_1":1,"minecraft:salmon":1,"jujutsucraft:uniform_normal_boots":2,"jujutsucraft:clothes_geto_boots":1,"minecraft:oak_log":11,"jujutsucraft:clothes_geto_leggings":1,"jujutsucraft:clothes_geto_chestplate":1,"minecraft:dirt":7,"jujutsucraft:uniform_normal_leggings":1,"minecraft:item_frame":2,"minecraft:bow":1,"minecraft:wheat_seeds":1,"jujutsucraft:sword_black":1,"minecraft:waxed_exposed_cut_copper":1,"minecraft:waxed_exposed_copper":5,"minecraft:copper_ore":1,"jujutsucraft:dragon_bone":1,"minecraft:stick":10,"jujutsucraft:uniform_geto_leggings":2,"minecraft:stone":86,"jujutsucraft:item_insect":1,"minecraft:gravel":8,"minecraft:spruce_fence":1,"jujutsucraft:uniform_normal_chestplate":1,"minecraft:spruce_log":4,"minecraft:diorite":5,"minecraft:grass_block":3,"jujutsucraft:clothes_geto_helmet":2,"minecraft:spectral_arrow":1,"minecraft:oak_sapling":5,"minecraft:cobblestone":13},"minecraft:custom":{"minecraft:interact_with_furnace":2,"minecraft:mob_kills":56,"minecraft:interact_with_crafting_table":2,"minecraft:open_barrel":15,"minecraft:damage_dealt_resisted":19307,"minecraft:leave_game":1,"minecraft:time_since_death":4261,"minecraft:climb_one_cm":6814,"minecraft:damage_resisted":25557,"minecraft:time_since_rest":4288,"minecraft:damage_taken":35064,"minecraft:sprint_one_cm":1236183,"minecraft:walk_one_cm":516004,"minecraft:drop":32,"minecraft:damage_dealt":75,"minecraft:damage_dealt_absorbed":1047,"minecraft:player_kills":8,"minecraft:swim_one_cm":31942,"minecraft:open_chest":49,"minecraft:talked_to_villager":2,"minecraft:fly_one_cm":2397560,"minecraft:crouch_one_cm":3727,"minecraft:play_time":110905,"minecraft:deaths":69,"minecraft:sneak_time":741,"minecraft:walk_under_water_one_cm":12203,"minecraft:jump":3515,"minecraft:walk_on_water_one_cm":26022,"minecraft:total_world_time":110905,"minecraft:interact_with_smoker":1,"minecraft:fall_one_cm":257055},"minecraft:used":{"jujutsucraft:clothes_geto_boots":1,"minecraft:birch_leaves":1,"minecraft:stone_pickaxe":8,"minecraft:wooden_pickaxe":11,"minecraft:stone":1,"minecraft:crafting_table":1,"jujutsucraft:uniform_normal_chestplate":1,"jujutsucraft:sword_okkotsu_yuta":1,"minecraft:stone_axe":4},"minecraft:dropped":{"minecraft:wheat_seeds":1,"minecraft:stone_sword":1,"minecraft:feather":3,"minecraft:chicken":2,"jujutsucraft:sword_black":1,"minecraft:spectral_arrow":1,"minecraft:waxed_exposed_cut_copper":1,"minecraft:spruce_fence":1,"minecraft:grass_block":3,"minecraft:carrot":5,"minecraft:suspicious_stew":1,"minecraft:item_frame":2,"minecraft:copper_ore":1,"jujutsucraft:slaughter_demon":1,"minecraft:dirt":7,"minecraft:stone":1,"minecraft:diorite":5,"minecraft:waxed_exposed_copper":5,"jujutsucraft:sword_kusakabe":1,"minecraft:cracked_deepslate_tiles":2,"minecraft:iron_door":1,"minecraft:oak_sapling":5,"minecraft:spruce_log":2,"minecraft:wooden_pickaxe":1,"jujutsucraft:uniform_normal_boots":1},"minecraft:mined":{"minecraft:spruce_fence":1,"minecraft:iron_door":2,"minecraft:spruce_log":2,"minecraft:cracked_deepslate_tiles":1,"minecraft:oak_log":9,"minecraft:waxed_exposed_copper":2,"minecraft:stone":13,"minecraft:waxed_exposed_cut_copper":1},"minecraft:killed_by":{"jujutsucraft:cursed_spirit_grade_25":1,"jujutsucraft:kurusu_hana":1,"jujutsucraft:okkotsu_yuta_culling_game":1,"jujutsucraft:cursed_spirit_grade_15":5,"jujutsucraft:cursed_spirit_grade_39":1,"minecraft:player":4,"jujutsucraft:cursed_spirit_grade_16":2,"jujutsucraft:cursed_spirit_grade_310":1,"jujutsucraft:zenin_chojuro":1,"jujutsucraft:cursed_spirit_grade_05":2,"jujutsucraft:jogo":25,"jujutsucraft:higuruma_hiromi":2,"jujutsucraft:dhruv_lakdawalla":1,"jujutsucraft:cursed_spirit_grade_33":1,"jujutsucraft:cursed_spirit_grade_22":2,"jujutsucraft:cursed_spirit_grade_110":1,"jujutsucraft:curse_user_1":1,"jujutsucraft:yoshino_junpei":1,"jujutsucraft:kusakabe_yatsuya":1,"jujutsucraft:cursed_spirit_grade_315":1,"jujutsucraft:fushiguro_toji_bug":2,"jujutsucraft:eso":1,"jujutsucraft:cursed_spirit_grade_29":1,"jujutsucraft:cursed_spirit_grade_06":1,"jujutsucraft:geto_suguru_curse_user":1},"minecraft:crafted":{"minecraft:oak_planks":20,"minecraft:crafting_table":1,"minecraft:wooden_pickaxe":1,"minecraft:stone_axe":1,"minecraft:stick":8,"minecraft:stone_pickaxe":1,"minecraft:stone_sword":1}},"DataVersion":3465}