{"stats":{"minecraft:mined":{"minecraft:spruce_planks":31,"minecraft:white_bed":19,"minecraft:farmland":2,"minecraft:sculk_vein":4,"minecraft:jungle_leaves":2,"minecraft:obsidian":15,"minecraft:granite":14,"minecraft:stone_brick_wall":1,"minecraft:grass_block":1419,"minecraft:jungle_log":21,"minecraft:hopper":2,"minecraft:oxeye_daisy":4,"minecraft:chiseled_stone_bricks":4,"minecraft:spawner":3,"minecraft:gilded_blackstone":3,"minecraft:polished_blackstone_bricks":11,"minecraft:tall_seagrass":10,"minecraft:magma_block":29,"minecraft:iron_ore":198,"minecraft:fire":36,"minecraft:cobbled_deepslate":41,"minecraft:pumpkin":2,"minecraft:deepslate_lapis_ore":4,"minecraft:azure_bluet":1,"minecraft:enchanting_table":1,"minecraft:oak_stairs":20,"minecraft:deepslate_redstone_ore":3,"minecraft:blackstone":35,"minecraft:smoker":7,"minecraft:torch":11,"minecraft:blast_furnace":5,"minecraft:chest":6,"minecraft:nether_quartz_ore":59,"minecraft:cobblestone":276,"minecraft:oak_planks":61,"minecraft:sugar_cane":151,"minecraft:grindstone":3,"minecraft:wall_torch":14,"minecraft:white_terracotta":37,"minecraft:seagrass":1,"minecraft:warped_nylium":5,"minecraft:birch_log":20,"minecraft:wheat":606,"minecraft:warped_fungus":1,"minecraft:stone_brick_stairs":16,"minecraft:oak_log":191,"minecraft:dirt":667,"minecraft:smooth_basalt":1,"minecraft:ancient_debris":9,"minecraft:netherrack":6823,"minecraft:oak_leaves":61,"minecraft:deepslate":496,"minecraft:nether_gold_ore":11,"minecraft:tuff":22,"minecraft:mossy_cobblestone":55,"minecraft:oak_door":1,"minecraft:deepslate_diamond_ore":67,"minecraft:ladder":7,"minecraft:spruce_fence":4,"minecraft:spruce_leaves":78,"minecraft:large_fern":9,"minecraft:hay_block":51,"minecraft:spruce_sapling":1,"minecraft:furnace":12,"minecraft:carrots":17,"minecraft:andesite":17,"minecraft:stripped_spruce_log":2,"minecraft:gold_block":17,"minecraft:potatoes":346,"minecraft:deepslate_iron_ore":93,"minecraft:vine":4,"minecraft:stripped_oak_log":16,"minecraft:stone":817,"minecraft:podzol":6,"minecraft:smithing_table":10,"minecraft:oak_slab":1,"minecraft:glass_pane":4,"minecraft:soul_sand":40,"minecraft:basalt":3,"minecraft:stone_brick_slab":2,"minecraft:dandelion":21,"minecraft:spruce_door":2,"minecraft:oak_fence":2,"minecraft:crafting_table":14,"minecraft:cornflower":1,"minecraft:short_grass":1033,"minecraft:emerald_ore":1,"minecraft:warped_roots":1,"minecraft:lectern":80,"minecraft:tall_grass":257,"minecraft:deepslate_coal_ore":1,"minecraft:lapis_ore":5,"minecraft:deepslate_gold_ore":8,"minecraft:diorite":16,"minecraft:sweet_berry_bush":1,"minecraft:birch_leaves":13,"minecraft:spruce_log":943,"minecraft:white_wall_banner":1,"minecraft:yellow_bed":3,"minecraft:coal_ore":257,"minecraft:gravel":47,"minecraft:cobweb":35,"minecraft:stone_bricks":4,"minecraft:gold_ore":9},"minecraft:used":{"minecraft:iron_shovel":802,"minecraft:oak_sign":1,"minecraft:ladder":108,"minecraft:poppy":1,"minecraft:shield":148,"minecraft:chest":15,"minecraft:white_terracotta":28,"minecraft:iron_sword":721,"minecraft:iron_chestplate":2,"minecraft:carrot":37,"minecraft:tuff":13,"minecraft:obsidian":25,"minecraft:spruce_boat":3,"minecraft:iron_helmet":2,"minecraft:stone_brick_stairs":18,"minecraft:stone_bricks":133,"minecraft:magma_block":3,"minecraft:bow":8,"minecraft:sweet_berries":2,"minecraft:oak_sapling":1,"minecraft:furnace":21,"minecraft:egg":5,"minecraft:potato":448,"minecraft:diorite":11,"minecraft:spruce_door":4,"minecraft:diamond_boots":1,"minecraft:warped_fungus_on_a_stick":12,"minecraft:oak_planks":141,"minecraft:stone_pickaxe":127,"minecraft:blackstone":7,"minecraft:ender_pearl":2,"minecraft:wooden_pickaxe":74,"minecraft:sugar_cane":6,"minecraft:diamond_axe":976,"minecraft:cookie":2,"minecraft:golden_apple":1,"minecraft:blast_furnace":6,"minecraft:crossbow":56,"minecraft:stone_brick_wall":11,"minecraft:bread":163,"minecraft:lectern":81,"minecraft:gravel":17,"minecraft:diamond_sword":630,"minecraft:grindstone":3,"minecraft:smithing_table":12,"minecraft:cooked_rabbit":1,"minecraft:andesite":2,"minecraft:oak_boat":3,"minecraft:bone_meal":102,"minecraft:enchanting_table":2,"minecraft:stone_sword":96,"minecraft:flint_and_steel":32,"minecraft:spruce_planks":131,"minecraft:wooden_shovel":5,"minecraft:stone_hoe":137,"minecraft:cooked_chicken":4,"minecraft:netherrack":565,"minecraft:oak_door":1,"minecraft:torch":450,"minecraft:dirt":1272,"minecraft:white_carpet":1,"minecraft:hopper":4,"minecraft:diamond_helmet":1,"minecraft:granite":8,"minecraft:spruce_fence":44,"minecraft:iron_hoe":113,"minecraft:stone_brick_slab":38,"minecraft:wooden_axe":35,"minecraft:iron_axe":618,"minecraft:oak_stairs":26,"minecraft:iron_boots":1,"minecraft:smooth_basalt":1,"minecraft:cooked_beef":88,"minecraft:cobbled_deepslate":230,"minecraft:iron_leggings":2,"minecraft:wheat_seeds":713,"minecraft:cooked_mutton":23,"minecraft:water_bucket":120,"minecraft:birch_planks":36,"minecraft:baked_potato":249,"minecraft:warped_roots":1,"minecraft:crafting_table":26,"minecraft:oak_slab":16,"minecraft:white_bed":26,"minecraft:spruce_log":3,"minecraft:smoker":7,"minecraft:oak_log":37,"minecraft:diamond_pickaxe":8253,"minecraft:diamond_shovel":1261,"minecraft:iron_pickaxe":1167,"minecraft:spruce_sapling":43,"minecraft:stone_axe":14,"minecraft:cobblestone":633,"minecraft:porkchop":2,"minecraft:white_banner":3,"minecraft:cooked_porkchop":20,"minecraft:bucket":124,"minecraft:glass_pane":94,"minecraft:yellow_bed":3},"minecraft:picked_up":{"minecraft:wooden_axe":7,"minecraft:iron_chestplate":13,"minecraft:wheat":637,"minecraft:smithing_table":10,"minecraft:diamond_sword":11,"minecraft:oak_stairs":20,"minecraft:enchanted_book":3,"minecraft:gilded_blackstone":1,"minecraft:stone_brick_stairs":19,"minecraft:golden_sword":1,"minecraft:string":169,"minecraft:iron_leggings":12,"minecraft:oak_sign":8,"minecraft:diamond_leggings":5,"minecraft:gold_nugget":47,"minecraft:cobbled_deepslate":663,"minecraft:bucket":1,"minecraft:spruce_planks":305,"minecraft:iron_pickaxe":17,"minecraft:iron_boots":10,"minecraft:furnace":22,"minecraft:tipped_arrow":4,"minecraft:stick":751,"minecraft:oak_fence":5,"minecraft:torch":70,"minecraft:porkchop":61,"minecraft:diorite":15,"minecraft:cauldron":4,"minecraft:rotten_flesh":235,"minecraft:white_terracotta":35,"minecraft:obsidian":33,"minecraft:cobblestone":1256,"minecraft:birch_log":20,"minecraft:enchanting_table":1,"minecraft:magma_block":6,"minecraft:feather":11,"minecraft:cooked_beef":20,"minecraft:water_bucket":2,"minecraft:andesite":25,"minecraft:jungle_log":21,"minecraft:smoker":10,"minecraft:potato":1476,"minecraft:flint":3,"minecraft:tuff":23,"minecraft:lapis_lazuli":218,"minecraft:dirt":2319,"minecraft:name_tag":2,"minecraft:glass":24,"minecraft:bone":201,"minecraft:bow":20,"minecraft:wheat_seeds":1933,"minecraft:raw_gold":36,"minecraft:grindstone":3,"minecraft:diamond_helmet":4,"minecraft:glowstone_dust":1,"minecraft:stone_hoe":3,"minecraft:oak_planks":212,"minecraft:ghast_tear":1,"minecraft:cooked_porkchop":23,"minecraft:poisonous_potato":18,"minecraft:stripped_spruce_log":3,"minecraft:ink_sac":13,"minecraft:grass_block":3,"minecraft:spectral_arrow":6,"minecraft:mossy_cobblestone":4,"minecraft:diamond":154,"minecraft:spruce_boat":4,"minecraft:crossbow":8,"minecraft:granite":13,"minecraft:bone_meal":5,"minecraft:golden_apple":2,"minecraft:chainmail_helmet":13,"minecraft:emerald":66,"minecraft:bread":243,"minecraft:oak_sapling":5,"minecraft:netherrack":811,"minecraft:diamond_pickaxe":13,"minecraft:crafting_table":16,"minecraft:chicken":15,"minecraft:ladder":8,"minecraft:wooden_pickaxe":1,"minecraft:stone_brick_wall":1,"minecraft:gold_block":17,"minecraft:shield":7,"minecraft:iron_axe":8,"minecraft:flint_and_steel":2,"minecraft:iron_shovel":3,"minecraft:blackstone":9,"minecraft:beef":187,"minecraft:oak_boat":3,"minecraft:poppy":5,"minecraft:lectern":82,"minecraft:sugar_cane":207,"minecraft:chest":5,"minecraft:diamond_hoe":2,"minecraft:egg":13,"minecraft:raw_iron":600,"minecraft:stone":8,"minecraft:oak_door":1,"minecraft:spruce_fence":6,"minecraft:cookie":2,"minecraft:carrot":138,"minecraft:redstone":4,"minecraft:arrow":166,"minecraft:diamond_chestplate":3,"minecraft:pumpkin_pie":1,"minecraft:diamond_boots":4,"minecraft:hay_block":51,"minecraft:saddle":8,"minecraft:gold_ingot":70,"minecraft:totem_of_undying":1,"minecraft:mutton":53,"minecraft:rail":2,"minecraft:white_wool":44,"minecraft:stripped_oak_log":16,"minecraft:golden_carrot":14,"minecraft:glow_ink_sac":9,"minecraft:salmon":1,"minecraft:leather":74,"minecraft:birch_planks":21,"minecraft:oak_log":215,"minecraft:chainmail_chestplate":1,"minecraft:ancient_debris":9,"minecraft:yellow_bed":4,"minecraft:gunpowder":48,"minecraft:paper":27,"minecraft:white_banner":9,"minecraft:cooked_mutton":3,"minecraft:stone_bricks":4,"minecraft:kelp":1,"minecraft:iron_ingot":192,"minecraft:glass_bottle":4,"minecraft:iron_sword":18,"minecraft:soul_sand":40,"minecraft:book":15,"minecraft:oak_slab":4,"minecraft:smooth_basalt":1,"minecraft:warped_fungus":1,"minecraft:pumpkin":6,"minecraft:sweet_berries":2,"minecraft:chiseled_stone_bricks":8,"minecraft:stone_brick_slab":2,"minecraft:quartz":56,"minecraft:dandelion":17,"minecraft:gravel":60,"minecraft:spruce_sapling":48,"minecraft:blast_furnace":6,"minecraft:white_bed":24,"minecraft:spruce_log":1063,"minecraft:spruce_door":3,"minecraft:spider_eye":8,"minecraft:leather_helmet":3,"minecraft:diamond_shovel":3,"minecraft:stone_axe":2,"minecraft:iron_helmet":26,"minecraft:diamond_axe":2,"minecraft:warped_roots":1,"minecraft:baked_potato":150,"minecraft:melon_seeds":3,"minecraft:black_wool":2,"minecraft:coal":481,"minecraft:hopper":2,"minecraft:ender_pearl":4},"minecraft:custom":{"minecraft:animals_bred":111,"minecraft:interact_with_crafting_table":196,"minecraft:leave_game":14,"minecraft:time_since_death":494430,"minecraft:sprint_one_cm":5744940,"minecraft:damage_blocked_by_shield":7866,"minecraft:drop":655,"minecraft:talked_to_villager":239,"minecraft:play_time":1316628,"minecraft:deaths":13,"minecraft:jump":41208,"minecraft:walk_on_water_one_cm":143076,"minecraft:enchant_item":8,"minecraft:interact_with_furnace":245,"minecraft:traded_with_villager":312,"minecraft:sleep_in_bed":56,"minecraft:damage_dealt":86485,"minecraft:player_kills":10,"minecraft:crouch_one_cm":199107,"minecraft:interact_with_smoker":183,"minecraft:horse_one_cm":743840,"minecraft:interact_with_smithing_table":11,"minecraft:interact_with_anvil":8,"minecraft:mob_kills":469,"minecraft:inspect_hopper":1,"minecraft:climb_one_cm":80974,"minecraft:walk_one_cm":2144010,"minecraft:raid_win":2,"minecraft:strider_one_cm":207969,"minecraft:sneak_time":63645,"minecraft:walk_under_water_one_cm":85432,"minecraft:boat_one_cm":210825,"minecraft:interact_with_blast_furnace":22,"minecraft:total_world_time":1316628,"minecraft:raid_trigger":2,"minecraft:interact_with_grindstone":2,"minecraft:interact_with_stonecutter":9,"minecraft:time_since_rest":325,"minecraft:damage_absorbed":41,"minecraft:damage_taken":23360,"minecraft:swim_one_cm":277800,"minecraft:fly_one_cm":9620947,"minecraft:open_chest":620,"minecraft:fall_one_cm":1347395},"minecraft:dropped":{"minecraft:iron_sword":5,"minecraft:porkchop":3,"minecraft:birch_planks":10,"minecraft:lapis_lazuli":4,"minecraft:cooked_beef":6,"minecraft:oak_log":17,"minecraft:baked_potato":54,"minecraft:crafting_table":1,"minecraft:jungle_planks":4,"minecraft:saddle":1,"minecraft:rail":4,"minecraft:leather_helmet":2,"minecraft:emerald":7,"minecraft:flint":1,"minecraft:dirt":253,"minecraft:netherite_scrap":2,"minecraft:mutton":5,"minecraft:gold_nugget":2,"minecraft:gilded_blackstone":1,"minecraft:bone_meal":3,"minecraft:iron_pickaxe":7,"minecraft:white_wool":6,"minecraft:cauldron":4,"minecraft:bone":3,"minecraft:gravel":43,"minecraft:stone_axe":27,"minecraft:blackstone":2,"minecraft:sugar_cane":10,"minecraft:cobbled_deepslate":147,"minecraft:wheat":14,"minecraft:obsidian":4,"minecraft:rotten_flesh":160,"minecraft:oak_planks":142,"minecraft:diamond_shovel":1,"minecraft:glowstone_dust":1,"minecraft:salmon":1,"minecraft:chainmail_chestplate":8,"minecraft:poppy":4,"minecraft:gunpowder":14,"minecraft:melon_seeds":6,"minecraft:chest":2,"minecraft:ladder":3,"minecraft:arrow":22,"minecraft:glass":24,"minecraft:beef":1,"minecraft:netherrack":289,"minecraft:enchanted_book":1,"minecraft:stone_hoe":4,"minecraft:iron_ingot":70,"minecraft:bread":122,"minecraft:stripped_spruce_log":1,"minecraft:oak_slab":8,"minecraft:wheat_seeds":698,"minecraft:mossy_cobblestone":4,"minecraft:smithing_table":1,"minecraft:poisonous_potato":14,"minecraft:iron_helmet":20,"minecraft:oak_fence":4,"minecraft:feather":2,"minecraft:cobblestone":250,"minecraft:spruce_door":1,"minecraft:chainmail_helmet":14,"minecraft:grass_block":2,"minecraft:golden_apple":1,"minecraft:stick":575,"minecraft:golden_carrot":14,"minecraft:ink_sac":4,"minecraft:torch":7,"minecraft:wooden_axe":8,"minecraft:iron_leggings":6,"minecraft:oak_stairs":14,"minecraft:iron_shovel":2,"minecraft:paper":9,"minecraft:string":38,"minecraft:spruce_sapling":4,"minecraft:dandelion":15,"minecraft:redstone":4,"minecraft:kelp":1,"minecraft:stone_sword":1,"minecraft:tuff":6,"minecraft:diamond_hoe":1,"minecraft:stone_shovel":5,"minecraft:chicken":2,"minecraft:iron_boots":6,"minecraft:oak_sign":8,"minecraft:spruce_fence":1,"minecraft:pumpkin_seeds":4,"minecraft:flint_and_steel":1,"minecraft:diamond_sword":6,"minecraft:potato":362,"minecraft:spruce_boat":1,"minecraft:shield":1,"minecraft:spruce_planks":65,"minecraft:diamond_pickaxe":6,"minecraft:iron_chestplate":6,"minecraft:andesite":11,"minecraft:oak_boat":1,"minecraft:oak_sapling":3,"minecraft:spider_eye":7,"minecraft:spruce_log":36,"minecraft:bow":10,"minecraft:stone_pickaxe":1,"minecraft:wooden_pickaxe":2,"minecraft:raw_gold":1,"minecraft:magma_block":2,"minecraft:black_wool":1},"minecraft:killed_by":{"minecraft:creeper":3,"minecraft:vindicator":1,"minecraft:zombie":2,"minecraft:player":1,"minecraft:spider":1,"minecraft:enderman":1},"minecraft:killed":{"minecraft:cave_spider":5,"minecraft:witch":6,"minecraft:spider":38,"minecraft:skeleton":131,"minecraft:chicken":8,"minecraft:piglin_brute":2,"minecraft:magma_cube":7,"minecraft:piglin":8,"minecraft:pig":13,"minecraft:zombie_villager":2,"minecraft:iron_golem":2,"minecraft:creeper":13,"minecraft:sheep":15,"minecraft:pillager":25,"minecraft:zombie":129,"minecraft:ghast":1,"minecraft:cow":34,"minecraft:evoker":1,"minecraft:vex":2,"minecraft:vindicator":9,"minecraft:ravager":3,"minecraft:hoglin":1,"minecraft:villager":1,"minecraft:enderman":8},"minecraft:broken":{"minecraft:iron_shovel":3,"minecraft:iron_boots":1,"minecraft:diamond_boots":1,"minecraft:diamond_pickaxe":1,"minecraft:iron_sword":2,"minecraft:iron_hoe":1,"minecraft:wooden_pickaxe":1,"minecraft:shield":1,"minecraft:iron_axe":2,"minecraft:iron_pickaxe":3,"minecraft:iron_helmet":1},"minecraft:crafted":{"minecraft:smooth_stone":6,"minecraft:oak_planks":684,"minecraft:chainmail_helmet":8,"minecraft:oak_sign":3,"minecraft:cooked_chicken":4,"minecraft:stone":184,"minecraft:diamond_shovel":2,"minecraft:bookshelf":1,"minecraft:cooked_mutton":23,"minecraft:glass":64,"minecraft:hopper":2,"minecraft:stone_brick_slab":26,"minecraft:diamond_helmet":2,"minecraft:diamond_leggings":2,"minecraft:iron_boots":3,"minecraft:chest":15,"minecraft:stone_hoe":1,"minecraft:stone_bricks":172,"minecraft:cooked_rabbit":1,"minecraft:golden_boots":1,"minecraft:oak_slab":24,"minecraft:wooden_shovel":1,"minecraft:emerald":247,"minecraft:cooked_porkchop":9,"minecraft:diamond_axe":2,"minecraft:crafting_table":16,"minecraft:spruce_planks":3891,"minecraft:iron_helmet":13,"minecraft:wooden_pickaxe":2,"minecraft:baked_potato":267,"minecraft:spruce_door":3,"minecraft:chainmail_chestplate":7,"minecraft:smithing_table":3,"minecraft:birch_planks":80,"minecraft:stone_brick_stairs":8,"minecraft:lectern":1,"minecraft:iron_chestplate":3,"minecraft:book":7,"minecraft:paper":36,"minecraft:diamond_pickaxe":3,"minecraft:shield":6,"minecraft:stick":7725,"minecraft:iron_ingot":227,"minecraft:iron_pickaxe":5,"minecraft:stone_sword":1,"minecraft:gold_ingot":12,"minecraft:netherite_ingot":2,"minecraft:shears":1,"minecraft:stone_shovel":5,"minecraft:stone_brick_wall":10,"minecraft:fishing_rod":1,"minecraft:furnace":7,"minecraft:blast_furnace":1,"minecraft:bone_meal":168,"minecraft:spruce_fence":63,"minecraft:white_carpet":3,"minecraft:glass_pane":112,"minecraft:flint_and_steel":3,"minecraft:iron_axe":4,"minecraft:ladder":141,"minecraft:iron_hoe":1,"minecraft:stone_pickaxe":2,"minecraft:diamond_boots":2,"minecraft:spruce_boat":2,"minecraft:netherite_scrap":11,"minecraft:wheat":486,"minecraft:cooked_beef":124,"minecraft:diamond_sword":1,"minecraft:enchanting_table":1,"minecraft:iron_sword":3,"minecraft:bucket":4,"minecraft:stone_axe":26,"minecraft:enchanted_book":6,"minecraft:air":0,"minecraft:bread":230,"minecraft:jungle_planks":84,"minecraft:oak_boat":2,"minecraft:warped_fungus_on_a_stick":1,"minecraft:oak_stairs":20,"minecraft:wooden_axe":1,"minecraft:iron_shovel":2,"minecraft:iron_leggings":2,"minecraft:white_bed":3,"minecraft:torch":408,"minecraft:diamond_chestplate":1}},"DataVersion":3700}