{"stats":{"minecraft:dropped":{"minecraft:leather_chestplate":1,"minecraft:item_frame":1},"minecraft:picked_up":{"minecraft:leather_chestplate":1,"jujutsucraft:uniform_normal_boots":1,"jujutsucraft:uniform_normal_chestplate":1,"minecraft:stone_button":1,"minecraft:spruce_sapling":1,"minecraft:golden_sword":1,"minecraft:spectral_arrow":1,"minecraft:dirt":1,"jujutsucraft:clothes_choso_chestplate":1,"jujutsucraft:clothes_choso_helmet":1,"minecraft:iron_axe":2,"jujutsucraft:uniform_normal_leggings":1,"minecraft:large_fern":1,"minecraft:item_frame":8,"minecraft:bone":2,"jujutsucraft:clothes_fushiguro_toji_leggings":1,"minecraft:stone_axe":2,"minecraft:bow":1,"jujutsucraft:clothes_jogo_chestplate":1,"minecraft:painting":4,"minecraft:white_concrete":2},"minecraft:mined":{"minecraft:glass_pane":2,"minecraft:dirt":1},"minecraft:custom":{"minecraft:time_since_rest":19,"minecraft:sprint_one_cm":487314,"minecraft:damage_taken":15365,"minecraft:walk_one_cm":273412,"minecraft:mob_kills":47,"minecraft:drop":2,"minecraft:damage_dealt":17,"minecraft:swim_one_cm":6280,"minecraft:damage_dealt_absorbed":237,"minecraft:fly_one_cm":1368932,"minecraft:player_kills":10,"minecraft:crouch_one_cm":426,"minecraft:play_time":47898,"minecraft:sneak_time":51,"minecraft:deaths":41,"minecraft:walk_under_water_one_cm":396,"minecraft:jump":1586,"minecraft:damage_dealt_resisted":16579,"minecraft:time_since_death":0,"minecraft:walk_on_water_one_cm":2447,"minecraft:total_world_time":47898,"minecraft:damage_resisted":4369,"minecraft:fall_one_cm":55047},"minecraft:used":{"minecraft:iron_axe":1,"jujutsucraft:uniform_normal_boots":1,"minecraft:dirt":1,"jujutsucraft:uniform_normal_leggings":1,"jujutsucraft:uniform_normal_chestplate":1},"minecraft:killed_by":{"jujutsucraft:cursed_spirit_grade_25":1,"jujutsucraft:geto_suguru":1,"jujutsucraft:cursed_spirit_grade_01":1,"jujutsucraft:mei_mei":1,"minecraft:player":17,"jujutsucraft:cursed_spirit_grade_310":1,"jujutsucraft:kenjaku":2,"jujutsucraft:fushiguro_toji_bug":2,"jujutsucraft:cursed_spirit_grade_12":1,"jujutsucraft:kumiya_juzo":1,"jujutsucraft:itadori_yuji_shibuya":3,"jujutsucraft:cursed_spirit_grade_23":1,"jujutsucraft:cursed_spirit_grade_22":1,"jujutsucraft:cursed_spirit_grade_28":1,"jujutsucraft:jujutsu_sorcerer":5},"minecraft:killed":{"jujutsucraft:cursed_spirit_grade_32":1,"jujutsucraft:cursed_spirit_grade_39":1,"minecraft:wolf":2,"jujutsucraft:cursed_spirit_grade_33":5,"jujutsucraft:cursed_spirit_grade_313":1,"jujutsucraft:cursed_spirit_grade_314":3,"jujutsucraft:crow":1,"jujutsucraft:cursed_spirit_grade_310":1,"jujutsucraft:cursed_spirit_grade_36":3,"jujutsucraft:rozetsu_shikigami":1,"minecraft:bat":3,"jujutsucraft:cursed_spirit_grade_35":1,"jujutsucraft:yoshino_junpei":1,"jujutsucraft:cursed_spirit_grade_316":1,"jujutsucraft:cursed_spirit_grade_317":4,"jujutsucraft:cursed_spirit_grade_318":4,"jujutsucraft:cursed_spirit_grade_315":3,"jujutsucraft:cursed_spirit_grade_38":2,"jujutsucraft:cursed_spirit_grade_34":2,"jujutsucraft:cursed_spirit_grade_319":1,"minecraft:villager":1,"minecraft:squid":1,"jujutsucraft:divine_dog_white":1}},"DataVersion":3465}