{"stats":{"minecraft:killed":{"jujutsucraft:cursed_spirit_grade_32":2,"jujutsucraft:cursed_spirit_grade_33":4,"jujutsucraft:cursed_spirit_grade_318":2,"jujutsucraft:cursed_spirit_grade_211":1,"jujutsucraft:cursed_spirit_grade_39":5,"jujutsucraft:crow":4,"jujutsucraft:cursed_spirit_grade_15":1,"minecraft:chicken":3,"jujutsucraft:cursed_spirit_grade_36":3,"jujutsucraft:cursed_spirit_grade_317":2,"jujutsucraft:cursed_spirit_grade_315":2,"jujutsucraft:cursed_spirit_grade_212":1,"jujutsucraft:cursed_spirit_grade_38":1,"jujutsucraft:cursed_spirit_grade_34":2,"jujutsucraft:cursed_spirit_grade_319":1},"minecraft:picked_up":{"minecraft:cracked_deepslate_tiles":2,"minecraft:birch_leaves":1,"minecraft:feather":3,"minecraft:chicken":2,"minecraft:iron_door":1,"jujutsucraft:recommendation_1":1,"jujutsucraft:uniform_normal_boots":2,"jujutsucraft:clothes_geto_boots":1,"minecraft:oak_log":11,"jujutsucraft:clothes_geto_leggings":1,"jujutsucraft:clothes_geto_chestplate":1,"minecraft:dirt":6,"jujutsucraft:uniform_normal_leggings":1,"minecraft:item_frame":2,"minecraft:bow":1,"jujutsucraft:sword_black":1,"minecraft:waxed_exposed_cut_copper":1,"minecraft:waxed_exposed_copper":5,"jujutsucraft:dragon_bone":1,"minecraft:stick":10,"jujutsucraft:uniform_geto_leggings":2,"minecraft:stone":37,"jujutsucraft:item_insect":1,"minecraft:gravel":6,"minecraft:spruce_fence":1,"minecraft:diorite":5,"minecraft:grass_block":3,"jujutsucraft:uniform_normal_chestplate":1,"minecraft:spruce_log":4,"minecraft:spectral_arrow":1,"jujutsucraft:clothes_geto_helmet":2,"minecraft:oak_sapling":5,"minecraft:cobblestone":13},"minecraft:custom":{"minecraft:interact_with_furnace":2,"minecraft:mob_kills":35,"minecraft:interact_with_crafting_table":2,"minecraft:open_barrel":15,"minecraft:damage_dealt_resisted":13562,"minecraft:time_since_death":776,"minecraft:climb_one_cm":6814,"minecraft:damage_resisted":12535,"minecraft:time_since_rest":814,"minecraft:sprint_one_cm":973456,"minecraft:damage_taken":25644,"minecraft:walk_one_cm":392122,"minecraft:drop":21,"minecraft:damage_dealt":75,"minecraft:damage_dealt_absorbed":474,"minecraft:swim_one_cm":21921,"minecraft:talked_to_villager":2,"minecraft:fly_one_cm":1676331,"minecraft:player_kills":8,"minecraft:open_chest":49,"minecraft:crouch_one_cm":2177,"minecraft:play_time":81193,"minecraft:deaths":58,"minecraft:sneak_time":457,"minecraft:walk_under_water_one_cm":1537,"minecraft:jump":2611,"minecraft:walk_on_water_one_cm":11813,"minecraft:interact_with_smoker":1,"minecraft:total_world_time":81193,"minecraft:fall_one_cm":169219},"minecraft:used":{"jujutsucraft:clothes_geto_boots":1,"minecraft:birch_leaves":1,"minecraft:stone_pickaxe":8,"minecraft:wooden_pickaxe":11,"minecraft:stone":1,"minecraft:crafting_table":1,"jujutsucraft:uniform_normal_chestplate":1,"jujutsucraft:sword_okkotsu_yuta":1,"minecraft:stone_axe":4},"minecraft:dropped":{"minecraft:stone_sword":1,"minecraft:feather":3,"jujutsucraft:sword_black":1,"minecraft:spectral_arrow":1,"minecraft:waxed_exposed_cut_copper":1,"minecraft:spruce_fence":1,"minecraft:carrot":1,"minecraft:item_frame":2,"jujutsucraft:slaughter_demon":1,"minecraft:stone":1,"minecraft:waxed_exposed_copper":5,"minecraft:iron_door":1,"jujutsucraft:sword_kusakabe":1,"minecraft:cracked_deepslate_tiles":1,"minecraft:oak_sapling":2,"minecraft:spruce_log":2,"minecraft:wooden_pickaxe":1,"jujutsucraft:uniform_normal_boots":1},"minecraft:mined":{"minecraft:spruce_fence":1,"minecraft:iron_door":2,"minecraft:spruce_log":2,"minecraft:cracked_deepslate_tiles":1,"minecraft:oak_log":9,"minecraft:waxed_exposed_copper":2,"minecraft:stone":13,"minecraft:waxed_exposed_cut_copper":1},"minecraft:killed_by":{"jujutsucraft:cursed_spirit_grade_25":1,"jujutsucraft:cursed_spirit_grade_15":5,"jujutsucraft:cursed_spirit_grade_39":1,"minecraft:player":4,"jujutsucraft:cursed_spirit_grade_16":2,"jujutsucraft:cursed_spirit_grade_310":1,"jujutsucraft:cursed_spirit_grade_05":1,"jujutsucraft:jogo":25,"jujutsucraft:dhruv_lakdawalla":1,"jujutsucraft:cursed_spirit_grade_33":1,"jujutsucraft:cursed_spirit_grade_22":1,"jujutsucraft:cursed_spirit_grade_110":1,"jujutsucraft:curse_user_1":1,"jujutsucraft:yoshino_junpei":1,"jujutsucraft:kusakabe_yatsuya":1,"jujutsucraft:cursed_spirit_grade_315":1,"jujutsucraft:fushiguro_toji_bug":2,"jujutsucraft:eso":1,"jujutsucraft:cursed_spirit_grade_06":1},"minecraft:crafted":{"minecraft:oak_planks":20,"minecraft:crafting_table":1,"minecraft:wooden_pickaxe":1,"minecraft:stone_axe":1,"minecraft:stick":8,"minecraft:stone_pickaxe":1,"minecraft:stone_sword":1}},"DataVersion":3465}