{"stats":{"minecraft:dropped":{"minecraft:leather_chestplate":1,"minecraft:item_frame":1},"minecraft:picked_up":{"minecraft:leather_chestplate":1,"jujutsucraft:uniform_normal_boots":1,"jujutsucraft:uniform_normal_chestplate":1,"minecraft:stone_button":1,"minecraft:golden_sword":1,"minecraft:spectral_arrow":1,"minecraft:dirt":1,"jujutsucraft:clothes_choso_chestplate":1,"jujutsucraft:clothes_choso_helmet":1,"minecraft:iron_axe":2,"jujutsucraft:uniform_normal_leggings":1,"minecraft:item_frame":8,"minecraft:bone":2,"jujutsucraft:clothes_fushiguro_toji_leggings":1,"minecraft:stone_axe":2,"minecraft:bow":1,"jujutsucraft:clothes_jogo_chestplate":1,"minecraft:painting":4,"minecraft:white_concrete":2},"minecraft:mined":{"minecraft:glass_pane":2,"minecraft:dirt":1},"minecraft:custom":{"minecraft:time_since_rest":1228,"minecraft:sprint_one_cm":382628,"minecraft:damage_taken":11149,"minecraft:walk_one_cm":178840,"minecraft:mob_kills":30,"minecraft:drop":2,"minecraft:damage_dealt":4,"minecraft:swim_one_cm":6280,"minecraft:damage_dealt_absorbed":160,"minecraft:fly_one_cm":908151,"minecraft:player_kills":10,"minecraft:crouch_one_cm":426,"minecraft:play_time":35898,"minecraft:sneak_time":51,"minecraft:deaths":30,"minecraft:walk_under_water_one_cm":396,"minecraft:jump":1363,"minecraft:damage_dealt_resisted":11449,"minecraft:time_since_death":1180,"minecraft:walk_on_water_one_cm":2447,"minecraft:total_world_time":35898,"minecraft:damage_resisted":1583,"minecraft:fall_one_cm":45924},"minecraft:used":{"minecraft:iron_axe":1,"jujutsucraft:uniform_normal_boots":1,"minecraft:dirt":1,"jujutsucraft:uniform_normal_leggings":1,"jujutsucraft:uniform_normal_chestplate":1},"minecraft:killed_by":{"jujutsucraft:cursed_spirit_grade_25":1,"jujutsucraft:geto_suguru":1,"jujutsucraft:cursed_spirit_grade_01":1,"jujutsucraft:mei_mei":1,"minecraft:player":15,"jujutsucraft:kenjaku":2,"jujutsucraft:cursed_spirit_grade_12":1,"jujutsucraft:kumiya_juzo":1,"jujutsucraft:cursed_spirit_grade_28":1,"jujutsucraft:jujutsu_sorcerer":5},"minecraft:killed":{"jujutsucraft:cursed_spirit_grade_39":1,"minecraft:wolf":2,"jujutsucraft:cursed_spirit_grade_33":3,"jujutsucraft:cursed_spirit_grade_314":3,"jujutsucraft:cursed_spirit_grade_310":1,"jujutsucraft:cursed_spirit_grade_36":2,"jujutsucraft:rozetsu_shikigami":1,"minecraft:bat":3,"jujutsucraft:cursed_spirit_grade_35":1,"jujutsucraft:yoshino_junpei":1,"jujutsucraft:cursed_spirit_grade_317":1,"jujutsucraft:cursed_spirit_grade_318":3,"jujutsucraft:cursed_spirit_grade_315":2,"jujutsucraft:cursed_spirit_grade_38":1,"minecraft:villager":1,"minecraft:squid":1,"jujutsucraft:divine_dog_white":1}},"DataVersion":3465}