{"stats":{"minecraft:mined":{"minecraft:spruce_planks":31,"minecraft:white_bed":20,"minecraft:farmland":2,"minecraft:sculk_vein":4,"minecraft:jungle_leaves":2,"minecraft:obsidian":15,"minecraft:granite":14,"minecraft:stone_brick_wall":1,"minecraft:grass_block":1468,"minecraft:jungle_log":21,"minecraft:cracked_polished_blackstone_bricks":18,"minecraft:polished_blackstone_brick_slab":1,"minecraft:hopper":2,"minecraft:oxeye_daisy":4,"minecraft:nether_wart":36,"minecraft:chiseled_stone_bricks":4,"minecraft:spawner":3,"minecraft:gilded_blackstone":5,"minecraft:polished_blackstone_bricks":51,"minecraft:tall_seagrass":11,"minecraft:magma_block":42,"minecraft:iron_ore":198,"minecraft:fire":58,"minecraft:cobbled_deepslate":57,"minecraft:pumpkin":2,"minecraft:deepslate_lapis_ore":4,"minecraft:nether_brick_stairs":2,"minecraft:azure_bluet":1,"minecraft:enchanting_table":1,"minecraft:oak_stairs":20,"minecraft:deepslate_redstone_ore":3,"minecraft:blackstone":132,"minecraft:crimson_nylium":61,"minecraft:smoker":7,"minecraft:torch":17,"minecraft:blast_furnace":6,"minecraft:chest":6,"minecraft:nether_quartz_ore":80,"minecraft:cobblestone":276,"minecraft:oak_planks":343,"minecraft:sugar_cane":153,"minecraft:grindstone":3,"minecraft:wall_torch":16,"minecraft:white_terracotta":37,"minecraft:seagrass":1,"minecraft:warped_nylium":5,"minecraft:nether_wart_block":3,"minecraft:birch_log":20,"minecraft:wheat":659,"minecraft:warped_fungus":2,"minecraft:stone_brick_stairs":16,"minecraft:oak_log":342,"minecraft:sand":64,"minecraft:dirt":671,"minecraft:smooth_basalt":1,"minecraft:ancient_debris":15,"minecraft:netherrack":17557,"minecraft:oak_leaves":101,"minecraft:deepslate":496,"minecraft:nether_gold_ore":20,"minecraft:tuff":22,"minecraft:oak_door":1,"minecraft:mossy_cobblestone":55,"minecraft:deepslate_diamond_ore":67,"minecraft:nether_bricks":3,"minecraft:ladder":7,"minecraft:spruce_fence":4,"minecraft:crimson_roots":1,"minecraft:spruce_leaves":95,"minecraft:large_fern":9,"minecraft:hay_block":51,"minecraft:spruce_sapling":1,"minecraft:furnace":12,"minecraft:carrots":51,"minecraft:andesite":17,"minecraft:stripped_spruce_log":2,"minecraft:gold_block":18,"minecraft:bell":1,"minecraft:nether_brick_fence":1,"minecraft:potatoes":545,"minecraft:deepslate_iron_ore":93,"minecraft:vine":4,"minecraft:stripped_oak_log":16,"minecraft:stone":833,"minecraft:white_wool":1,"minecraft:podzol":6,"minecraft:smithing_table":10,"minecraft:oak_slab":7,"minecraft:glass_pane":4,"minecraft:soul_sand":81,"minecraft:dandelion":21,"minecraft:basalt":28,"minecraft:stone_brick_slab":2,"minecraft:spruce_door":2,"minecraft:oak_fence":3,"minecraft:crafting_table":14,"minecraft:cornflower":1,"minecraft:short_grass":1162,"minecraft:emerald_ore":1,"minecraft:warped_roots":1,"minecraft:lectern":100,"minecraft:tall_grass":273,"minecraft:deepslate_coal_ore":1,"minecraft:lapis_ore":5,"minecraft:deepslate_gold_ore":8,"minecraft:diorite":16,"minecraft:sweet_berry_bush":1,"minecraft:birch_leaves":13,"minecraft:white_carpet":1,"minecraft:spruce_log":1148,"minecraft:white_wall_banner":1,"minecraft:yellow_bed":3,"minecraft:coal_ore":257,"minecraft:gravel":47,"minecraft:cobweb":35,"minecraft:stone_bricks":31,"minecraft:gold_ore":9,"minecraft:fern":3},"minecraft:used":{"minecraft:iron_shovel":802,"minecraft:oak_sign":1,"minecraft:shield":170,"minecraft:ladder":108,"minecraft:poppy":1,"minecraft:chest":16,"minecraft:white_terracotta":28,"minecraft:iron_sword":721,"minecraft:bell":1,"minecraft:iron_chestplate":2,"minecraft:carrot":42,"minecraft:obsidian":25,"minecraft:tuff":13,"minecraft:spruce_boat":3,"minecraft:warped_nylium":1,"minecraft:iron_helmet":2,"minecraft:stone_brick_stairs":18,"minecraft:stone_bricks":160,"minecraft:magma_block":3,"minecraft:bow":186,"minecraft:sweet_berries":2,"minecraft:oak_sapling":2,"minecraft:furnace":21,"minecraft:egg":5,"minecraft:potato":678,"minecraft:diorite":11,"minecraft:spruce_door":4,"minecraft:diamond_boots":1,"minecraft:warped_fungus_on_a_stick":12,"minecraft:oak_planks":447,"minecraft:stone_pickaxe":127,"minecraft:blackstone":34,"minecraft:ender_pearl":4,"minecraft:wooden_pickaxe":74,"minecraft:sugar_cane":6,"minecraft:diamond_axe":1812,"minecraft:cookie":2,"minecraft:golden_apple":1,"minecraft:white_wool":1,"minecraft:blast_furnace":7,"minecraft:crossbow":56,"minecraft:stone_brick_wall":11,"minecraft:bread":163,"minecraft:lectern":102,"minecraft:gravel":17,"minecraft:diamond_sword":2070,"minecraft:grindstone":3,"minecraft:smithing_table":12,"minecraft:cooked_rabbit":1,"minecraft:andesite":2,"minecraft:oak_boat":3,"minecraft:bone_meal":117,"minecraft:oak_fence":1,"minecraft:stone_sword":96,"minecraft:flint_and_steel":44,"minecraft:enchanting_table":2,"minecraft:spruce_planks":131,"minecraft:wooden_shovel":5,"minecraft:stone_hoe":137,"minecraft:cooked_chicken":4,"minecraft:netherrack":1668,"minecraft:oak_door":1,"minecraft:torch":463,"minecraft:dirt":1309,"minecraft:anvil":1,"minecraft:white_carpet":3,"minecraft:hopper":4,"minecraft:diamond_helmet":2,"minecraft:granite":8,"minecraft:spruce_fence":44,"minecraft:iron_hoe":113,"minecraft:stone_brick_slab":38,"minecraft:wooden_axe":35,"minecraft:iron_axe":618,"minecraft:oak_stairs":28,"minecraft:iron_boots":1,"minecraft:smooth_basalt":1,"minecraft:netherite_pickaxe":1706,"minecraft:cooked_beef":136,"minecraft:cobbled_deepslate":291,"minecraft:iron_leggings":2,"minecraft:wheat_seeds":758,"minecraft:cooked_mutton":23,"minecraft:water_bucket":135,"minecraft:birch_planks":36,"minecraft:baked_potato":374,"minecraft:warped_roots":1,"minecraft:polished_blackstone_bricks":38,"minecraft:crafting_table":27,"minecraft:oak_slab":16,"minecraft:white_bed":32,"minecraft:spruce_log":3,"minecraft:smoker":7,"minecraft:oak_log":63,"minecraft:diamond_pickaxe":17851,"minecraft:diamond_shovel":1424,"minecraft:cracked_polished_blackstone_bricks":16,"minecraft:iron_pickaxe":1167,"minecraft:spruce_sapling":53,"minecraft:stone_axe":14,"minecraft:cobblestone":633,"minecraft:porkchop":2,"minecraft:white_banner":3,"minecraft:cooked_porkchop":21,"minecraft:bucket":139,"minecraft:glass_pane":94,"minecraft:yellow_bed":3},"minecraft:picked_up":{"minecraft:wooden_axe":7,"minecraft:iron_chestplate":13,"minecraft:wheat":685,"minecraft:nether_brick_fence":7,"minecraft:diamond_sword":11,"minecraft:smithing_table":10,"minecraft:oak_stairs":20,"minecraft:enchanted_book":3,"minecraft:gilded_blackstone":1,"minecraft:stone_brick_stairs":19,"minecraft:golden_sword":2,"minecraft:string":180,"minecraft:iron_leggings":12,"minecraft:oak_sign":8,"minecraft:diamond_leggings":5,"minecraft:gold_nugget":90,"minecraft:cobbled_deepslate":678,"minecraft:bucket":1,"minecraft:spruce_planks":305,"minecraft:iron_pickaxe":17,"minecraft:iron_boots":10,"minecraft:furnace":22,"minecraft:golden_helmet":4,"minecraft:tipped_arrow":4,"minecraft:polished_blackstone_brick_slab":1,"minecraft:stick":754,"minecraft:oak_fence":6,"minecraft:torch":85,"minecraft:porkchop":69,"minecraft:diorite":15,"minecraft:golden_chestplate":1,"minecraft:cauldron":4,"minecraft:rotten_flesh":252,"minecraft:white_terracotta":35,"minecraft:blaze_rod":2,"minecraft:obsidian":33,"minecraft:cobblestone":1272,"minecraft:birch_log":20,"minecraft:enchanting_table":1,"minecraft:magma_block":19,"minecraft:jungle_log":21,"minecraft:feather":11,"minecraft:cooked_beef":35,"minecraft:andesite":25,"minecraft:water_bucket":2,"minecraft:smoker":10,"minecraft:potato":2285,"minecraft:flint":3,"minecraft:tuff":23,"minecraft:dirt":2409,"minecraft:lapis_lazuli":218,"minecraft:name_tag":2,"minecraft:glass":24,"minecraft:bone":300,"minecraft:bow":40,"minecraft:wheat_seeds":2084,"minecraft:raw_gold":36,"minecraft:bell":1,"minecraft:grindstone":3,"minecraft:diamond_helmet":4,"minecraft:glowstone_dust":3,"minecraft:oak_planks":511,"minecraft:stone_hoe":3,"minecraft:ghast_tear":1,"minecraft:cooked_porkchop":23,"minecraft:poisonous_potato":22,"minecraft:sand":128,"minecraft:stripped_spruce_log":3,"minecraft:ink_sac":17,"minecraft:grass_block":4,"minecraft:spectral_arrow":6,"minecraft:mossy_cobblestone":4,"minecraft:diamond":175,"minecraft:spruce_boat":4,"minecraft:cracked_polished_blackstone_bricks":17,"minecraft:crossbow":8,"minecraft:granite":13,"minecraft:bone_meal":5,"minecraft:golden_apple":2,"minecraft:chainmail_helmet":13,"minecraft:emerald":72,"minecraft:bread":243,"minecraft:oak_sapling":15,"minecraft:crimson_roots":8,"minecraft:netherrack":2760,"minecraft:diamond_pickaxe":13,"minecraft:crafting_table":16,"minecraft:chicken":15,"minecraft:nether_wart":49,"minecraft:ladder":8,"minecraft:brown_mushroom":5,"minecraft:wooden_pickaxe":1,"minecraft:stone_brick_wall":1,"minecraft:gold_block":40,"minecraft:shield":7,"minecraft:iron_axe":8,"minecraft:flint_and_steel":2,"minecraft:netherite_scrap":1,"minecraft:white_carpet":1,"minecraft:iron_shovel":3,"minecraft:blackstone":57,"minecraft:beef":189,"minecraft:oak_boat":3,"minecraft:poppy":5,"minecraft:lectern":102,"minecraft:sugar_cane":207,"minecraft:chest":5,"minecraft:egg":13,"minecraft:phantom_membrane":1,"minecraft:diamond_hoe":2,"minecraft:raw_iron":600,"minecraft:stone":8,"minecraft:oak_door":1,"minecraft:spruce_fence":6,"minecraft:fire_charge":1,"minecraft:polished_blackstone_bricks":38,"minecraft:cookie":2,"minecraft:carrot":317,"minecraft:redstone":11,"minecraft:netherite_pickaxe":1,"minecraft:arrow":202,"minecraft:diamond_chestplate":4,"minecraft:pumpkin_pie":1,"minecraft:nether_bricks":5,"minecraft:diamond_boots":4,"minecraft:hay_block":51,"minecraft:saddle":8,"minecraft:gold_ingot":70,"minecraft:totem_of_undying":1,"minecraft:mutton":53,"minecraft:rail":2,"minecraft:white_wool":115,"minecraft:stripped_oak_log":16,"minecraft:basalt":17,"minecraft:golden_carrot":14,"minecraft:glow_ink_sac":9,"minecraft:salmon":2,"minecraft:leather":74,"minecraft:birch_planks":21,"minecraft:oak_log":365,"minecraft:chainmail_chestplate":1,"minecraft:ancient_debris":16,"minecraft:yellow_bed":4,"minecraft:nether_wart_block":3,"minecraft:gunpowder":54,"minecraft:paper":27,"minecraft:white_banner":9,"minecraft:cooked_mutton":3,"minecraft:stone_bricks":31,"minecraft:kelp":1,"minecraft:iron_ingot":232,"minecraft:glass_bottle":6,"minecraft:iron_sword":18,"minecraft:soul_sand":84,"minecraft:book":15,"minecraft:oak_slab":10,"minecraft:smooth_basalt":1,"minecraft:warped_fungus":5,"minecraft:pumpkin":6,"minecraft:sweet_berries":2,"minecraft:chiseled_stone_bricks":8,"minecraft:stone_brick_slab":2,"minecraft:quartz":56,"minecraft:dandelion":18,"minecraft:gravel":60,"minecraft:spruce_sapling":58,"minecraft:blast_furnace":7,"minecraft:white_bed":29,"minecraft:spruce_log":1271,"minecraft:spider_eye":10,"minecraft:spruce_door":3,"minecraft:leather_helmet":3,"minecraft:diamond_shovel":3,"minecraft:stone_axe":2,"minecraft:iron_helmet":26,"minecraft:diamond_axe":2,"minecraft:warped_roots":1,"minecraft:baked_potato":150,"minecraft:melon_seeds":3,"minecraft:black_wool":2,"minecraft:warped_nylium":1,"minecraft:coal":489,"minecraft:hopper":2,"minecraft:ender_pearl":12},"minecraft:custom":{"minecraft:animals_bred":133,"minecraft:interact_with_crafting_table":226,"minecraft:bell_ring":1,"minecraft:leave_game":19,"minecraft:time_since_death":963554,"minecraft:sprint_one_cm":7655613,"minecraft:damage_blocked_by_shield":9279,"minecraft:drop":798,"minecraft:talked_to_villager":314,"minecraft:play_time":1785752,"minecraft:deaths":13,"minecraft:jump":53833,"minecraft:walk_on_water_one_cm":152644,"minecraft:enchant_item":10,"minecraft:interact_with_furnace":248,"minecraft:traded_with_villager":395,"minecraft:sleep_in_bed":63,"minecraft:damage_dealt":190581,"minecraft:player_kills":10,"minecraft:crouch_one_cm":334638,"minecraft:interact_with_smoker":220,"minecraft:horse_one_cm":743840,"minecraft:interact_with_smithing_table":27,"minecraft:interact_with_anvil":22,"minecraft:mob_kills":1227,"minecraft:inspect_hopper":2,"minecraft:climb_one_cm":128804,"minecraft:walk_one_cm":2788437,"minecraft:raid_win":2,"minecraft:strider_one_cm":207969,"minecraft:sneak_time":88053,"minecraft:walk_under_water_one_cm":87958,"minecraft:boat_one_cm":210825,"minecraft:interact_with_blast_furnace":39,"minecraft:total_world_time":1785752,"minecraft:raid_trigger":2,"minecraft:interact_with_grindstone":2,"minecraft:interact_with_stonecutter":9,"minecraft:time_since_rest":162058,"minecraft:damage_absorbed":41,"minecraft:damage_taken":28776,"minecraft:swim_one_cm":322056,"minecraft:fly_one_cm":12253721,"minecraft:open_chest":829,"minecraft:fall_one_cm":1765890},"minecraft:dropped":{"minecraft:warped_fungus":2,"minecraft:iron_sword":5,"minecraft:brown_mushroom":5,"minecraft:soul_sand":1,"minecraft:porkchop":3,"minecraft:birch_planks":12,"minecraft:lapis_lazuli":4,"minecraft:cooked_beef":21,"minecraft:oak_log":17,"minecraft:baked_potato":55,"minecraft:glass_bottle":1,"minecraft:crafting_table":1,"minecraft:crossbow":1,"minecraft:netherite_upgrade_smithing_template":2,"minecraft:jungle_planks":4,"minecraft:saddle":1,"minecraft:rail":4,"minecraft:leather_helmet":2,"minecraft:emerald":7,"minecraft:flint":3,"minecraft:gold_block":22,"minecraft:cracked_polished_blackstone_bricks":1,"minecraft:dirt":271,"minecraft:netherite_scrap":3,"minecraft:mutton":5,"minecraft:crimson_roots":8,"minecraft:gold_nugget":10,"minecraft:gilded_blackstone":1,"minecraft:bone_meal":3,"minecraft:phantom_membrane":1,"minecraft:sand":64,"minecraft:iron_pickaxe":7,"minecraft:white_wool":6,"minecraft:cauldron":4,"minecraft:gold_ingot":20,"minecraft:bone":5,"minecraft:gravel":43,"minecraft:stone_axe":27,"minecraft:blackstone":23,"minecraft:sugar_cane":10,"minecraft:ancient_debris":3,"minecraft:iron_nugget":4,"minecraft:golden_chestplate":1,"minecraft:cobbled_deepslate":149,"minecraft:wheat":21,"minecraft:obsidian":5,"minecraft:rotten_flesh":177,"minecraft:oak_planks":161,"minecraft:diamond_shovel":1,"minecraft:glowstone_dust":1,"minecraft:nether_brick_fence":7,"minecraft:white_bed":4,"minecraft:salmon":2,"minecraft:carrot":116,"minecraft:chainmail_chestplate":8,"minecraft:poppy":4,"minecraft:gunpowder":16,"minecraft:melon_seeds":6,"minecraft:chest":2,"minecraft:ladder":3,"minecraft:basalt":17,"minecraft:arrow":23,"minecraft:glass":24,"minecraft:beef":1,"minecraft:netherrack":635,"minecraft:egg":1,"minecraft:stone_hoe":4,"minecraft:enchanted_book":1,"minecraft:golden_boots":1,"minecraft:iron_ingot":104,"minecraft:bread":122,"minecraft:stripped_spruce_log":1,"minecraft:oak_slab":14,"minecraft:netherite_pickaxe":1,"minecraft:wheat_seeds":868,"minecraft:golden_helmet":4,"minecraft:mossy_cobblestone":4,"minecraft:smithing_table":1,"minecraft:poisonous_potato":22,"minecraft:feather":2,"minecraft:oak_fence":4,"minecraft:iron_helmet":20,"minecraft:cobblestone":250,"minecraft:spruce_door":1,"minecraft:chainmail_helmet":14,"minecraft:grass_block":2,"minecraft:golden_apple":1,"minecraft:stick":581,"minecraft:golden_carrot":14,"minecraft:ink_sac":8,"minecraft:torch":8,"minecraft:nether_wart_block":3,"minecraft:wooden_axe":8,"minecraft:fire_charge":1,"minecraft:iron_leggings":6,"minecraft:oak_stairs":16,"minecraft:polished_blackstone_brick_slab":1,"minecraft:iron_shovel":2,"minecraft:paper":9,"minecraft:string":40,"minecraft:spruce_sapling":4,"minecraft:dandelion":16,"minecraft:redstone":4,"minecraft:kelp":1,"minecraft:stone_sword":1,"minecraft:tuff":6,"minecraft:diamond_hoe":1,"minecraft:stone_shovel":5,"minecraft:chicken":2,"minecraft:iron_boots":6,"minecraft:nether_bricks":5,"minecraft:spruce_fence":1,"minecraft:oak_sign":8,"minecraft:pumpkin_seeds":4,"minecraft:flint_and_steel":1,"minecraft:diamond_sword":6,"minecraft:potato":619,"minecraft:spruce_boat":1,"minecraft:shield":1,"minecraft:spruce_planks":65,"minecraft:diamond_pickaxe":6,"minecraft:iron_chestplate":6,"minecraft:andesite":11,"minecraft:oak_boat":1,"minecraft:oak_sapling":9,"minecraft:golden_sword":1,"minecraft:spider_eye":9,"minecraft:spruce_log":42,"minecraft:bow":23,"minecraft:stone_pickaxe":1,"minecraft:wooden_pickaxe":2,"minecraft:raw_gold":1,"minecraft:magma_block":5,"minecraft:black_wool":1},"minecraft:killed_by":{"minecraft:creeper":3,"minecraft:vindicator":1,"minecraft:zombie":2,"minecraft:player":1,"minecraft:spider":1,"minecraft:enderman":1},"minecraft:killed":{"minecraft:cave_spider":5,"minecraft:witch":7,"minecraft:spider":50,"minecraft:skeleton":769,"minecraft:chicken":8,"minecraft:piglin_brute":9,"minecraft:magma_cube":8,"minecraft:piglin":44,"minecraft:pig":13,"minecraft:zombie_villager":3,"minecraft:iron_golem":2,"minecraft:creeper":18,"minecraft:sheep":15,"minecraft:pillager":25,"minecraft:zombie":145,"minecraft:ghast":2,"minecraft:glow_squid":4,"minecraft:blaze":3,"minecraft:cow":35,"minecraft:evoker":1,"minecraft:vex":2,"minecraft:vindicator":9,"minecraft:phantom":3,"minecraft:ravager":3,"minecraft:hoglin":3,"minecraft:squid":1,"minecraft:wither_skeleton":12,"minecraft:villager":1,"minecraft:enderman":16},"minecraft:broken":{"minecraft:iron_shovel":3,"minecraft:iron_boots":1,"minecraft:diamond_boots":1,"minecraft:diamond_pickaxe":1,"minecraft:iron_sword":2,"minecraft:bow":1,"minecraft:iron_hoe":1,"minecraft:wooden_pickaxe":1,"minecraft:shield":1,"minecraft:iron_axe":2,"minecraft:iron_pickaxe":3,"minecraft:iron_helmet":1},"minecraft:crafted":{"minecraft:smooth_stone":6,"minecraft:oak_planks":1180,"minecraft:chainmail_helmet":8,"minecraft:oak_sign":3,"minecraft:cooked_chicken":4,"minecraft:stone":184,"minecraft:diamond_shovel":2,"minecraft:bookshelf":1,"minecraft:cooked_mutton":23,"minecraft:glass":64,"minecraft:hopper":2,"minecraft:stone_brick_slab":26,"minecraft:diamond_helmet":2,"minecraft:diamond_leggings":2,"minecraft:bow":6,"minecraft:iron_boots":3,"minecraft:chest":16,"minecraft:netherite_upgrade_smithing_template":10,"minecraft:stone_hoe":1,"minecraft:stone_bricks":172,"minecraft:cooked_rabbit":1,"minecraft:golden_boots":1,"minecraft:oak_slab":24,"minecraft:wooden_shovel":1,"minecraft:emerald":321,"minecraft:cooked_porkchop":9,"minecraft:diamond_axe":3,"minecraft:crafting_table":17,"minecraft:spruce_planks":4751,"minecraft:wooden_pickaxe":2,"minecraft:baked_potato":393,"minecraft:iron_helmet":13,"minecraft:spruce_door":3,"minecraft:chainmail_chestplate":7,"minecraft:smithing_table":3,"minecraft:gold_block":7,"minecraft:birch_planks":80,"minecraft:stone_brick_stairs":8,"minecraft:lectern":1,"minecraft:iron_chestplate":3,"minecraft:book":12,"minecraft:paper":36,"minecraft:diamond_pickaxe":4,"minecraft:shield":6,"minecraft:stick":10072,"minecraft:iron_ingot":274,"minecraft:iron_pickaxe":5,"minecraft:iron_block":3,"minecraft:stone_sword":1,"minecraft:gold_ingot":48,"minecraft:sandstone":16,"minecraft:netherite_ingot":4,"minecraft:shears":2,"minecraft:stone_shovel":5,"minecraft:stone_brick_wall":10,"minecraft:fishing_rod":2,"minecraft:furnace":7,"minecraft:blast_furnace":1,"minecraft:bone_meal":175,"minecraft:spruce_fence":63,"minecraft:white_carpet":3,"minecraft:glass_pane":112,"minecraft:flint_and_steel":3,"minecraft:netherite_chestplate":1,"minecraft:netherite_leggings":1,"minecraft:iron_axe":4,"minecraft:ladder":141,"minecraft:iron_hoe":1,"minecraft:stone_pickaxe":2,"minecraft:diamond_boots":2,"minecraft:spruce_boat":2,"minecraft:netherite_scrap":17,"minecraft:wheat":486,"minecraft:cooked_beef":124,"minecraft:diamond_sword":1,"minecraft:enchanting_table":1,"minecraft:iron_sword":3,"minecraft:bucket":4,"minecraft:stone_axe":26,"minecraft:enchanted_book":15,"minecraft:air":0,"minecraft:bread":230,"minecraft:jungle_planks":84,"minecraft:oak_boat":2,"minecraft:warped_fungus_on_a_stick":2,"minecraft:oak_stairs":24,"minecraft:wooden_axe":1,"minecraft:iron_shovel":2,"minecraft:iron_leggings":2,"minecraft:anvil":1,"minecraft:white_bed":8,"minecraft:torch":408,"minecraft:diamond_chestplate":1}},"DataVersion":3700}