{"stats":{"minecraft:killed":{"jujutsucraft:mimiko":2,"jujutsucraft:cursed_spirit_grade_32":21,"jujutsucraft:transfigured_human_3":1,"jujutsucraft:cursed_spirit_grade_31":5,"jujutsucraft:inumaki_toge":2,"jujutsucraft:cursed_spirit_grade_33":58,"jujutsucraft:nanako":1,"jujutsucraft:charles_bernard":1,"jujutsucraft:doll_1":7,"jujutsucraft:cursed_spirit_grade_24":2,"jujutsucraft:cursed_spirit_grade_12":2,"jujutsucraft:fushiguro_megumi_shibuya":2,"jujutsucraft:cursed_spirit_grade_37":1,"jujutsucraft:cursed_spirit_grade_35":5,"jujutsucraft:rock_fragment":10,"jujutsucraft:yoshino_junpei":3,"jujutsucraft:cursed_spirit_grade_318":20,"jujutsucraft:cursed_spirit_grade_26":1,"jujutsucraft:cursed_spirit_grade_316":6,"minecraft:cod":107,"minecraft:dolphin":1,"jujutsucraft:kumiya_juzo":1,"jujutsucraft:cursed_spirit_grade_22":1,"jujutsucraft:transfigured_human_2":1,"jujutsucraft:cursed_spirit_grade_39":51,"jujutsucraft:fox_fire":3,"jujutsucraft:shigemo_haruta":2,"jujutsucraft:okkotsu_yuta":2,"jujutsucraft:cursed_spirit_grade_312":4,"jujutsucraft:cursed_spirit_grade_313":5,"jujutsucraft:larue":1,"jujutsucraft:fushiguro_toji_bug":2,"minecraft:chicken":2,"jujutsucraft:kechizu":2,"jujutsucraft:sea_serpent":5,"jujutsucraft:cursed_spirit_grade_16":1,"jujutsucraft:rabbit_escape":1,"jujutsucraft:gojo_satoru_school_days":1,"jujutsucraft:rozetsu_shikigami":1,"jujutsucraft:cursed_spirit_grade_23":2,"jujutsucraft:zenin_ogi":2,"jujutsucraft:itadori_yuji_shibuya":1,"jujutsucraft:cursed_spirit_grade_317":33,"jujutsucraft:cursed_spirit_grade_38":6,"jujutsucraft:cursed_spirit_grade_34":36,"jujutsucraft:transfigured_human_1":3,"jujutsucraft:kurusu_hana":1,"jujutsucraft:cursed_spirit_grade_27":1,"jujutsucraft:ember_insect":4,"jujutsucraft:dagon_2":1,"jujutsucraft:uraume":1,"minecraft:pig":4,"jujutsucraft:zenin_chojuro":1,"jujutsucraft:dagon_1":1,"jujutsucraft:jujutsu_sorcerer":2,"jujutsucraft:nishimiya_momo":5,"minecraft:salmon":53,"jujutsucraft:awasaka_jiro":2,"minecraft:bat":12,"jujutsucraft:bathynomus_giganteus":1,"jujutsucraft:curse_user_1":7,"jujutsucraft:cursed_spirit_grade_211":3,"jujutsucraft:curse_user":5,"jujutsucraft:mechamaru":2,"jujutsucraft:cursed_spirit_grade_07":1,"jujutsucraft:itadori_yuji":1,"minecraft:squid":7,"jujutsucraft:jogo":1,"minecraft:pillager":2,"jujutsucraft:blue":2,"jujutsucraft:cursed_spirit_grade_314":21,"jujutsucraft:cursed_spirit_grade_311":6,"jujutsucraft:cursed_spirit_grade_310":12,"jujutsucraft:cursed_spirit_grade_13":2,"jujutsucraft:negi_toshihisa":3,"jujutsucraft:cursed_spirit_grade_17":1,"jujutsucraft:cursed_spirit_grade_36":14,"jujutsucraft:moon_dregs":1,"jujutsucraft:cursed_spirit_grade_315":32,"jujutsucraft:cursed_spirit_grade_212":3,"jujutsucraft:rika":2,"jujutsucraft:cursed_spirit_grade_319":15,"jujutsucraft:hoshi_kirara":1,"minecraft:villager":4,"jujutsucraft:kamo_noritoshi":1,"jujutsucraft:q":3,"minecraft:cow":1,"jujutsucraft:gravestone_3":3},"minecraft:picked_up":{"minecraft:black_carpet":1,"minecraft:chicken":1,"minecraft:ladder":1,"minecraft:stone_brick_stairs":3,"minecraft:waxed_exposed_cut_copper":1,"minecraft:beef":7,"minecraft:jungle_sapling":1,"minecraft:quartz_stairs":1,"minecraft:egg":1,"minecraft:dark_oak_door":2,"minecraft:stick":2,"minecraft:stone":29,"minecraft:torch":1,"minecraft:spruce_fence":1,"jujutsucraft:sword_okkotsu_yuta":1,"minecraft:porkchop":9,"minecraft:carrot":1,"minecraft:diorite":1,"minecraft:vine":3,"jujutsucraft:broom":1,"minecraft:quartz_block":1,"minecraft:cod":1,"minecraft:rail":2,"minecraft:birch_log":2,"minecraft:iron_door":1,"minecraft:salmon":1,"jujutsucraft:sukuna_finger":1,"jujutsucraft:sword_kusakabe":1,"minecraft:dirt":12,"minecraft:lantern":7,"minecraft:white_banner":1,"jujutsucraft:knife":1,"minecraft:polished_andesite_stairs":1,"minecraft:dead_fire_coral_block":1,"minecraft:grass_block":10,"minecraft:spruce_door":11,"minecraft:polished_andesite":2,"minecraft:spruce_sign":1,"minecraft:oak_sapling":11,"minecraft:oak_leaves":5},"minecraft:used":{"minecraft:waxed_exposed_cut_copper":1,"minecraft:stone":29,"minecraft:dirt":4,"jujutsucraft:sukuna_finger":1,"minecraft:grass_block":6,"jujutsucraft:sword_kusakabe":15,"minecraft:oak_leaves":5,"jujutsucraft:naginata":1,"minecraft:birch_log":1},"minecraft:custom":{"minecraft:interact_with_smithing_table":1,"minecraft:mob_kills":680,"minecraft:open_barrel":8,"minecraft:damage_dealt_resisted":378940,"minecraft:leave_game":3,"minecraft:time_since_death":2394,"minecraft:damage_resisted":51029,"minecraft:climb_one_cm":2850,"minecraft:sprint_one_cm":1739620,"minecraft:walk_one_cm":1280953,"minecraft:drop":15,"minecraft:damage_dealt_absorbed":1587,"minecraft:play_time":183238,"minecraft:deaths":93,"minecraft:sneak_time":562,"minecraft:walk_under_water_one_cm":40714,"minecraft:jump":5114,"minecraft:walk_on_water_one_cm":68371,"minecraft:total_world_time":183238,"minecraft:time_since_rest":2422,"minecraft:damage_taken":43660,"minecraft:swim_one_cm":13515,"minecraft:player_kills":4,"minecraft:fly_one_cm":3228838,"minecraft:open_chest":6,"minecraft:crouch_one_cm":2877,"minecraft:fall_one_cm":345026},"minecraft:dropped":{"minecraft:vine":3,"minecraft:lantern":7,"minecraft:grass_block":4,"minecraft:stick":2,"minecraft:diorite":1,"minecraft:dark_oak_door":2,"jujutsucraft:uniform_normal_leggings":1,"minecraft:salmon":1,"jujutsucraft:uniform_normal_chestplate":1,"minecraft:ladder":1,"jujutsucraft:uniform_normal_boots":1,"minecraft:stone_brick_stairs":3},"minecraft:mined":{"minecraft:grass_block":4,"minecraft:rose_bush":1,"minecraft:tall_grass":3,"minecraft:sculk":6,"minecraft:birch_log":2,"minecraft:grass":6,"minecraft:oak_leaves":2},"minecraft:killed_by":{"jujutsucraft:cursed_spirit_grade_15":5,"jujutsucraft:cursed_spirit_grade_39":1,"minecraft:player":11,"jujutsucraft:shikigami_pterosaur":1,"jujutsucraft:cursed_spirit_grade_12":2,"jujutsucraft:cursed_spirit_grade_13":1,"jujutsucraft:mahito":1,"jujutsucraft:cursed_spirit_grade_11":1,"jujutsucraft:cursed_spirit_grade_07":1,"jujutsucraft:cursed_spirit_grade_22":1,"jujutsucraft:uro_takako":1,"jujutsucraft:curse_user_1":2,"jujutsucraft:cursed_spirit_grade_19":1,"jujutsucraft:tsukumo_yuki":1,"jujutsucraft:kusakabe_yatsuya":1,"jujutsucraft:fushiguro_toji":4,"jujutsucraft:eso":1,"jujutsucraft:cursed_spirit_grade_04":1,"jujutsucraft:curse_user":1,"jujutsucraft:itadori_yuji_shinjuku":1,"jujutsucraft:okkotsu_yuta":1,"jujutsucraft:sukuna_fushiguro":1,"jujutsucraft:kurusu_hana":1,"jujutsucraft:okkotsu_yuta_culling_game":1,"jujutsucraft:zenin_chojuro":1,"jujutsucraft:negi_toshihisa":1,"jujutsucraft:jogo":30,"jujutsucraft:kumiya_juzo":1,"jujutsucraft:kamo_noritoshi":1,"jujutsucraft:dhruv_lakdawalla":2,"jujutsucraft:zenin_naoya":1,"jujutsucraft:fushiguro_megumi_shibuya":1,"jujutsucraft:cursed_spirit_grade_317":1,"jujutsucraft:cursed_spirit_grade_29":2,"jujutsucraft:geto_suguru_curse_user":1}},"DataVersion":3465}