{"stats":{"minecraft:killed":{"jujutsucraft:cursed_spirit_grade_32":1,"jujutsucraft:cursed_spirit_grade_39":9,"jujutsucraft:cursed_spirit_grade_33":4,"jujutsucraft:cursed_spirit_grade_314":3,"minecraft:pig":1,"jujutsucraft:nanako":1,"jujutsucraft:cursed_spirit_grade_36":1,"jujutsucraft:yoshino_junpei":1,"jujutsucraft:curse_user_1":1,"jujutsucraft:cursed_spirit_grade_38":1,"jujutsucraft:cursed_spirit_grade_317":2,"jujutsucraft:cursed_spirit_grade_316":1,"jujutsucraft:cursed_spirit_grade_34":3,"jujutsucraft:cursed_spirit_grade_319":4,"jujutsucraft:curse_user":1,"minecraft:villager":1},"minecraft:picked_up":{"minecraft:birch_log":2,"minecraft:stick":2,"minecraft:stone":1,"minecraft:iron_door":1,"minecraft:spruce_fence":1,"minecraft:porkchop":3,"jujutsucraft:sword_kusakabe":1,"minecraft:grass_block":3,"minecraft:carrot":1,"minecraft:dirt":1,"minecraft:waxed_exposed_cut_copper":1,"minecraft:oak_sapling":6,"minecraft:oak_leaves":3},"minecraft:used":{"jujutsucraft:sword_kusakabe":2,"minecraft:oak_leaves":1},"minecraft:custom":{"minecraft:time_since_rest":82,"minecraft:interact_with_smithing_table":1,"minecraft:sprint_one_cm":524210,"minecraft:damage_taken":21108,"minecraft:walk_one_cm":440796,"minecraft:mob_kills":37,"minecraft:fly_one_cm":867658,"minecraft:player_kills":4,"minecraft:open_barrel":8,"minecraft:crouch_one_cm":1138,"minecraft:play_time":58952,"minecraft:deaths":56,"minecraft:sneak_time":316,"minecraft:walk_under_water_one_cm":686,"minecraft:jump":1447,"minecraft:damage_dealt_resisted":8308,"minecraft:walk_on_water_one_cm":7406,"minecraft:time_since_death":65,"minecraft:climb_one_cm":1076,"minecraft:total_world_time":58952,"minecraft:damage_resisted":6765,"minecraft:fall_one_cm":74374},"minecraft:mined":{"minecraft:birch_log":2,"minecraft:grass":1,"minecraft:grass_block":1},"minecraft:killed_by":{"jujutsucraft:curse_user_1":2,"jujutsucraft:cursed_spirit_grade_19":1,"jujutsucraft:cursed_spirit_grade_15":5,"jujutsucraft:cursed_spirit_grade_39":1,"minecraft:player":11,"jujutsucraft:cursed_spirit_grade_11":1,"jujutsucraft:mahito":1,"jujutsucraft:negi_toshihisa":1,"jujutsucraft:eso":1,"jujutsucraft:jogo":24,"jujutsucraft:dhruv_lakdawalla":1,"jujutsucraft:curse_user":1,"jujutsucraft:uro_takako":1}},"DataVersion":3465}