{"stats":{"minecraft:killed":{"jujutsucraft:mimiko":2,"jujutsucraft:ember_insect":4,"jujutsucraft:cursed_spirit_grade_32":8,"jujutsucraft:transfigured_human_3":1,"jujutsucraft:cursed_spirit_grade_31":4,"jujutsucraft:cursed_spirit_grade_33":15,"minecraft:pig":4,"jujutsucraft:nanako":1,"jujutsucraft:jujutsu_sorcerer":1,"jujutsucraft:charles_bernard":1,"jujutsucraft:cursed_spirit_grade_12":1,"jujutsucraft:doll_1":1,"jujutsucraft:nishimiya_momo":2,"jujutsucraft:cursed_spirit_grade_24":1,"jujutsucraft:awasaka_jiro":1,"minecraft:bat":8,"jujutsucraft:cursed_spirit_grade_35":2,"jujutsucraft:yoshino_junpei":1,"jujutsucraft:cursed_spirit_grade_22":1,"minecraft:cod":8,"minecraft:dolphin":1,"jujutsucraft:cursed_spirit_grade_318":5,"jujutsucraft:cursed_spirit_grade_316":3,"jujutsucraft:curse_user_1":1,"jujutsucraft:cursed_spirit_grade_211":1,"jujutsucraft:transfigured_human_2":1,"jujutsucraft:curse_user":3,"jujutsucraft:kumiya_juzo":1,"jujutsucraft:mechamaru":1,"jujutsucraft:cursed_spirit_grade_39":33,"jujutsucraft:blue":1,"minecraft:pillager":2,"jujutsucraft:cursed_spirit_grade_314":5,"jujutsucraft:cursed_spirit_grade_312":3,"jujutsucraft:cursed_spirit_grade_313":2,"jujutsucraft:cursed_spirit_grade_311":4,"jujutsucraft:cursed_spirit_grade_310":3,"minecraft:chicken":1,"jujutsucraft:negi_toshihisa":1,"jujutsucraft:kechizu":2,"jujutsucraft:rabbit_escape":1,"jujutsucraft:cursed_spirit_grade_36":4,"jujutsucraft:cursed_spirit_grade_317":14,"jujutsucraft:cursed_spirit_grade_315":10,"jujutsucraft:cursed_spirit_grade_38":4,"jujutsucraft:cursed_spirit_grade_34":16,"jujutsucraft:cursed_spirit_grade_319":11,"minecraft:villager":3,"minecraft:cow":1,"jujutsucraft:gravestone_3":3},"minecraft:picked_up":{"minecraft:birch_log":2,"minecraft:black_carpet":1,"minecraft:ladder":1,"minecraft:iron_door":1,"minecraft:stone_brick_stairs":3,"jujutsucraft:sword_kusakabe":1,"minecraft:lantern":2,"minecraft:dirt":12,"minecraft:white_banner":1,"minecraft:waxed_exposed_cut_copper":1,"minecraft:beef":6,"minecraft:jungle_sapling":1,"minecraft:quartz_stairs":1,"minecraft:egg":1,"minecraft:dark_oak_door":2,"minecraft:polished_andesite_stairs":1,"minecraft:stick":2,"minecraft:stone":29,"minecraft:torch":1,"minecraft:spruce_fence":1,"jujutsucraft:sword_okkotsu_yuta":1,"minecraft:porkchop":9,"minecraft:dead_fire_coral_block":1,"minecraft:diorite":1,"minecraft:grass_block":10,"minecraft:vine":3,"minecraft:carrot":1,"minecraft:spruce_door":3,"jujutsucraft:broom":1,"minecraft:quartz_block":1,"minecraft:polished_andesite":2,"minecraft:spruce_sign":1,"minecraft:oak_sapling":10,"minecraft:cod":1,"minecraft:rail":2,"minecraft:oak_leaves":5},"minecraft:used":{"minecraft:waxed_exposed_cut_copper":1,"minecraft:stone":29,"minecraft:oak_leaves":5,"minecraft:dirt":4,"minecraft:grass_block":6,"jujutsucraft:sword_kusakabe":15,"minecraft:birch_log":1},"minecraft:custom":{"minecraft:interact_with_smithing_table":1,"minecraft:mob_kills":213,"minecraft:open_barrel":8,"minecraft:damage_dealt_resisted":67069,"minecraft:leave_game":2,"minecraft:time_since_death":7918,"minecraft:climb_one_cm":2756,"minecraft:damage_resisted":27369,"minecraft:time_since_rest":7951,"minecraft:sprint_one_cm":1501962,"minecraft:damage_taken":37750,"minecraft:walk_one_cm":1018971,"minecraft:swim_one_cm":7406,"minecraft:damage_dealt_absorbed":666,"minecraft:fly_one_cm":2478624,"minecraft:player_kills":4,"minecraft:open_chest":6,"minecraft:crouch_one_cm":2877,"minecraft:play_time":146573,"minecraft:deaths":87,"minecraft:sneak_time":562,"minecraft:walk_under_water_one_cm":18538,"minecraft:jump":4158,"minecraft:walk_on_water_one_cm":44014,"minecraft:total_world_time":146573,"minecraft:fall_one_cm":265740},"minecraft:mined":{"minecraft:grass_block":4,"minecraft:tall_grass":3,"minecraft:sculk":6,"minecraft:birch_log":2,"minecraft:grass":6,"minecraft:oak_leaves":2},"minecraft:killed_by":{"jujutsucraft:kurusu_hana":1,"jujutsucraft:okkotsu_yuta_culling_game":1,"jujutsucraft:cursed_spirit_grade_15":5,"jujutsucraft:cursed_spirit_grade_39":1,"minecraft:player":11,"jujutsucraft:shikigami_pterosaur":1,"jujutsucraft:zenin_chojuro":1,"jujutsucraft:negi_toshihisa":1,"jujutsucraft:mahito":1,"jujutsucraft:cursed_spirit_grade_11":1,"jujutsucraft:cursed_spirit_grade_13":1,"jujutsucraft:cursed_spirit_grade_12":2,"jujutsucraft:jogo":30,"jujutsucraft:kamo_noritoshi":1,"jujutsucraft:kumiya_juzo":1,"jujutsucraft:dhruv_lakdawalla":2,"jujutsucraft:cursed_spirit_grade_07":1,"jujutsucraft:cursed_spirit_grade_22":1,"jujutsucraft:uro_takako":1,"jujutsucraft:zenin_naoya":1,"jujutsucraft:curse_user_1":2,"jujutsucraft:fushiguro_megumi_shibuya":1,"jujutsucraft:cursed_spirit_grade_19":1,"jujutsucraft:kusakabe_yatsuya":1,"jujutsucraft:fushiguro_toji":1,"jujutsucraft:cursed_spirit_grade_317":1,"jujutsucraft:cursed_spirit_grade_29":2,"jujutsucraft:eso":1,"jujutsucraft:cursed_spirit_grade_04":1,"jujutsucraft:curse_user":1,"jujutsucraft:itadori_yuji_shinjuku":1,"jujutsucraft:geto_suguru_curse_user":1}},"DataVersion":3465}