{"stats":{"minecraft:killed":{"jujutsucraft:cursed_spirit_grade_39":1,"jujutsucraft:cursed_spirit_grade_33":1,"jujutsucraft:cursed_spirit_grade_314":3,"minecraft:pig":1,"jujutsucraft:nanako":1,"jujutsucraft:cursed_spirit_grade_317":2,"jujutsucraft:cursed_spirit_grade_34":2,"minecraft:villager":1},"minecraft:picked_up":{"minecraft:birch_log":2,"minecraft:iron_door":1,"minecraft:spruce_fence":1,"minecraft:porkchop":3,"jujutsucraft:sword_kusakabe":1,"minecraft:grass_block":1,"minecraft:carrot":1,"minecraft:waxed_exposed_cut_copper":1,"minecraft:oak_sapling":2,"minecraft:oak_leaves":1},"minecraft:used":{"minecraft:oak_leaves":1},"minecraft:custom":{"minecraft:time_since_rest":1104,"minecraft:interact_with_smithing_table":1,"minecraft:sprint_one_cm":316621,"minecraft:damage_taken":7418,"minecraft:walk_one_cm":256792,"minecraft:mob_kills":13,"minecraft:fly_one_cm":467617,"minecraft:player_kills":3,"minecraft:open_barrel":8,"minecraft:crouch_one_cm":902,"minecraft:play_time":34952,"minecraft:deaths":17,"minecraft:sneak_time":278,"minecraft:walk_under_water_one_cm":235,"minecraft:jump":780,"minecraft:damage_dealt_resisted":2049,"minecraft:walk_on_water_one_cm":6817,"minecraft:time_since_death":1073,"minecraft:climb_one_cm":1076,"minecraft:total_world_time":34952,"minecraft:damage_resisted":1407,"minecraft:fall_one_cm":29225},"minecraft:mined":{"minecraft:birch_log":2},"minecraft:killed_by":{"jujutsucraft:curse_user_1":2,"minecraft:player":4,"jujutsucraft:mahito":1,"jujutsucraft:negi_toshihisa":1,"jujutsucraft:eso":1,"jujutsucraft:jogo":1,"jujutsucraft:dhruv_lakdawalla":1,"jujutsucraft:uro_takako":1}},"DataVersion":3465}