{"stats":{"minecraft:killed":{"jujutsucraft:mimiko":1,"jujutsucraft:ember_insect":4,"jujutsucraft:cursed_spirit_grade_32":7,"jujutsucraft:transfigured_human_3":1,"jujutsucraft:cursed_spirit_grade_31":3,"jujutsucraft:cursed_spirit_grade_33":11,"minecraft:pig":4,"jujutsucraft:nanako":1,"jujutsucraft:jujutsu_sorcerer":1,"jujutsucraft:charles_bernard":1,"jujutsucraft:cursed_spirit_grade_24":1,"jujutsucraft:awasaka_jiro":1,"jujutsucraft:cursed_spirit_grade_35":2,"jujutsucraft:yoshino_junpei":1,"jujutsucraft:cursed_spirit_grade_318":4,"jujutsucraft:cursed_spirit_grade_316":3,"jujutsucraft:curse_user_1":1,"jujutsucraft:cursed_spirit_grade_211":1,"jujutsucraft:curse_user":2,"jujutsucraft:kumiya_juzo":1,"jujutsucraft:mechamaru":1,"jujutsucraft:cursed_spirit_grade_39":18,"minecraft:pillager":1,"jujutsucraft:cursed_spirit_grade_314":5,"jujutsucraft:cursed_spirit_grade_312":3,"jujutsucraft:cursed_spirit_grade_313":2,"jujutsucraft:cursed_spirit_grade_311":4,"jujutsucraft:cursed_spirit_grade_310":2,"minecraft:chicken":1,"jujutsucraft:negi_toshihisa":1,"jujutsucraft:kechizu":1,"jujutsucraft:rabbit_escape":1,"jujutsucraft:cursed_spirit_grade_36":4,"jujutsucraft:cursed_spirit_grade_317":11,"jujutsucraft:cursed_spirit_grade_315":9,"jujutsucraft:cursed_spirit_grade_38":2,"jujutsucraft:cursed_spirit_grade_34":6,"jujutsucraft:cursed_spirit_grade_319":11,"minecraft:villager":2,"minecraft:cow":1},"minecraft:picked_up":{"minecraft:birch_log":2,"minecraft:iron_door":1,"minecraft:stone_brick_stairs":3,"jujutsucraft:sword_kusakabe":1,"minecraft:dirt":11,"minecraft:white_banner":1,"minecraft:waxed_exposed_cut_copper":1,"minecraft:beef":6,"minecraft:jungle_sapling":1,"minecraft:egg":1,"minecraft:stick":2,"minecraft:stone":29,"minecraft:torch":1,"minecraft:spruce_fence":1,"minecraft:porkchop":9,"minecraft:diorite":1,"minecraft:grass_block":10,"minecraft:vine":1,"minecraft:carrot":1,"minecraft:polished_andesite":2,"minecraft:oak_sapling":10,"minecraft:oak_leaves":4},"minecraft:used":{"minecraft:waxed_exposed_cut_copper":1,"minecraft:stone":17,"minecraft:oak_leaves":1,"minecraft:grass_block":6,"jujutsucraft:sword_kusakabe":15,"minecraft:birch_log":1},"minecraft:custom":{"minecraft:interact_with_smithing_table":1,"minecraft:mob_kills":141,"minecraft:open_barrel":8,"minecraft:damage_dealt_resisted":32856,"minecraft:leave_game":2,"minecraft:time_since_death":2068,"minecraft:climb_one_cm":2756,"minecraft:damage_resisted":19917,"minecraft:time_since_rest":2105,"minecraft:sprint_one_cm":1195673,"minecraft:damage_taken":34750,"minecraft:walk_one_cm":873715,"minecraft:damage_dealt_absorbed":328,"minecraft:fly_one_cm":1977426,"minecraft:player_kills":4,"minecraft:open_chest":6,"minecraft:crouch_one_cm":2381,"minecraft:play_time":122573,"minecraft:deaths":82,"minecraft:sneak_time":531,"minecraft:walk_under_water_one_cm":9520,"minecraft:jump":3463,"minecraft:walk_on_water_one_cm":28353,"minecraft:total_world_time":122573,"minecraft:fall_one_cm":216761},"minecraft:mined":{"minecraft:grass_block":4,"minecraft:tall_grass":3,"minecraft:sculk":6,"minecraft:birch_log":2,"minecraft:grass":6,"minecraft:oak_leaves":2},"minecraft:killed_by":{"jujutsucraft:kurusu_hana":1,"jujutsucraft:okkotsu_yuta_culling_game":1,"jujutsucraft:cursed_spirit_grade_15":5,"jujutsucraft:cursed_spirit_grade_39":1,"minecraft:player":11,"jujutsucraft:negi_toshihisa":1,"jujutsucraft:mahito":1,"jujutsucraft:cursed_spirit_grade_11":1,"jujutsucraft:cursed_spirit_grade_13":1,"jujutsucraft:cursed_spirit_grade_12":2,"jujutsucraft:jogo":30,"jujutsucraft:kamo_noritoshi":1,"jujutsucraft:kumiya_juzo":1,"jujutsucraft:dhruv_lakdawalla":1,"jujutsucraft:cursed_spirit_grade_07":1,"jujutsucraft:cursed_spirit_grade_22":1,"jujutsucraft:uro_takako":1,"jujutsucraft:zenin_naoya":1,"jujutsucraft:curse_user_1":2,"jujutsucraft:fushiguro_megumi_shibuya":1,"jujutsucraft:cursed_spirit_grade_19":1,"jujutsucraft:kusakabe_yatsuya":1,"jujutsucraft:fushiguro_toji":1,"jujutsucraft:cursed_spirit_grade_29":2,"jujutsucraft:eso":1,"jujutsucraft:cursed_spirit_grade_04":1,"jujutsucraft:curse_user":1,"jujutsucraft:itadori_yuji_shinjuku":1}},"DataVersion":3465}