{"stats":{"minecraft:picked_up":{"jujutsucraft:uniform_normal_leggings":1,"minecraft:leather_chestplate":1,"jujutsucraft:uniform_normal_boots":1,"minecraft:stone_brick_wall":1,"jujutsucraft:uniform_normal_chestplate":1,"jujutsucraft:clothes_geto_leggings":1},"minecraft:custom":{"minecraft:crouch_one_cm":549,"minecraft:sprint_one_cm":177901,"minecraft:play_time":14617,"minecraft:damage_taken":3948,"minecraft:deaths":11,"minecraft:walk_one_cm":95126,"minecraft:sneak_time":34,"minecraft:mob_kills":11,"minecraft:jump":318,"minecraft:damage_dealt_resisted":2173,"minecraft:leave_game":1,"minecraft:time_since_death":321,"minecraft:total_world_time":14617,"minecraft:damage_resisted":380,"minecraft:fall_one_cm":10163,"minecraft:fly_one_cm":227988,"minecraft:player_kills":8,"minecraft:time_since_rest":351},"minecraft:used":{"minecraft:leather_chestplate":1,"jujutsucraft:uniform_normal_boots":1,"jujutsucraft:uniform_normal_chestplate":1},"minecraft:killed_by":{"jujutsucraft:cursed_spirit_grade_110":1,"jujutsucraft:cursed_spirit_grade_25":1,"jujutsucraft:cursed_spirit_grade_36":1,"jujutsucraft:mei_mei":2,"minecraft:player":5},"minecraft:killed":{"jujutsucraft:cursed_spirit_grade_36":2,"jujutsucraft:cursed_spirit_grade_32":2,"jujutsucraft:moon_dregs":1,"jujutsucraft:cursed_spirit_grade_317":1,"minecraft:villager":2,"jujutsucraft:jujutsu_sorcerer":2}},"DataVersion":3465}