{"stats":{"minecraft:dropped":{"minecraft:iron_sword":1,"minecraft:warped_stem":1,"minecraft:porkchop":5,"minecraft:oak_log":256,"minecraft:ender_pearl":13,"minecraft:diamond":126,"minecraft:warped_roots":5,"minecraft:emerald":16,"minecraft:dirt":26,"minecraft:snowball":204,"minecraft:sand":1,"minecraft:iron_pickaxe":1,"minecraft:white_wool":5,"minecraft:bone":3,"minecraft:gravel":3,"minecraft:cobbled_deepslate":115,"minecraft:obsidian":2,"minecraft:rotten_flesh":73,"minecraft:chainmail_chestplate":1,"minecraft:poppy":12,"minecraft:tipped_arrow":5,"minecraft:chest":2,"minecraft:arrow":7,"minecraft:beef":1,"minecraft:quartz":4,"minecraft:netherrack":329,"minecraft:egg":3,"minecraft:stone_hoe":3,"minecraft:iron_ingot":3,"minecraft:bread":12,"minecraft:wheat_seeds":41,"minecraft:smithing_table":1,"minecraft:diamond_leggings":1,"minecraft:iron_helmet":3,"minecraft:oak_fence":3,"minecraft:cobblestone":64,"minecraft:lead":1,"minecraft:book":1,"minecraft:granite":3,"minecraft:spruce_button":1,"minecraft:stick":9,"minecraft:gray_wool":5,"minecraft:diorite":3,"minecraft:torch":2,"minecraft:diamond_helmet":1,"minecraft:iron_leggings":1,"minecraft:stonecutter":1,"minecraft:iron_axe":2,"minecraft:iron_shovel":1,"minecraft:string":9,"minecraft:bucket":1,"minecraft:spruce_sapling":1,"minecraft:furnace":2,"minecraft:warped_nylium":4,"minecraft:raw_copper":3,"minecraft:tuff":65,"minecraft:composter":2,"minecraft:stone_shovel":1,"minecraft:clay_ball":13,"minecraft:iron_boots":2,"minecraft:spruce_fence":3,"minecraft:cobblestone_slab":2,"minecraft:hay_block":2,"minecraft:diamond_chestplate":1,"minecraft:spruce_planks":2,"minecraft:diamond_pickaxe":2,"minecraft:iron_chestplate":2,"minecraft:oak_sapling":3,"minecraft:spider_eye":1,"minecraft:diamond_boots":1,"minecraft:stone_pickaxe":2,"minecraft:wooden_pickaxe":1,"minecraft:black_wool":1},"minecraft:used":{"minecraft:iron_shovel":1473,"minecraft:chest":17,"minecraft:shield":105,"minecraft:iron_sword":254,"minecraft:bell":10,"minecraft:rotten_flesh":6,"minecraft:mutton":8,"minecraft:carrot":132,"minecraft:tuff":83,"minecraft:snowball":8,"minecraft:obsidian":14,"minecraft:spruce_boat":6,"minecraft:lava_bucket":3,"minecraft:grass_block":1,"minecraft:iron_helmet":1,"minecraft:furnace":8,"minecraft:potato":26,"minecraft:stripped_spruce_wood":1,"minecraft:oak_planks":159,"minecraft:stone_pickaxe":172,"minecraft:blackstone":32,"minecraft:ender_pearl":9,"minecraft:wooden_pickaxe":19,"minecraft:composter":3,"minecraft:blue_bed":13,"minecraft:diamond_axe":1695,"minecraft:white_wool":5,"minecraft:blast_furnace":2,"minecraft:crossbow":1,"minecraft:dripstone_block":3,"minecraft:bread":90,"minecraft:lectern":4,"minecraft:gravel":6,"minecraft:diamond_sword":60,"minecraft:grindstone":5,"minecraft:dark_oak_fence":4,"minecraft:smithing_table":3,"minecraft:andesite":9,"minecraft:oak_boat":4,"minecraft:smooth_stone_slab":8,"minecraft:oak_fence":2,"minecraft:enchanting_table":1,"minecraft:stone_sword":83,"minecraft:flint_and_steel":5,"minecraft:spruce_planks":59,"minecraft:netherrack":212,"minecraft:oak_door":3,"minecraft:dirt":488,"minecraft:hopper":2,"minecraft:chainmail_chestplate":1,"minecraft:diamond_helmet":1,"minecraft:granite":7,"minecraft:dark_oak_planks":3,"minecraft:wooden_axe":25,"minecraft:iron_axe":1562,"minecraft:spruce_button":9,"minecraft:beef":27,"minecraft:cobbled_deepslate":429,"minecraft:golden_axe":32,"minecraft:iron_leggings":1,"minecraft:cooked_mutton":23,"minecraft:water_bucket":41,"minecraft:baked_potato":138,"minecraft:spruce_sign":12,"minecraft:fletching_table":21,"minecraft:cobblestone_slab":6,"minecraft:stonecutter":1,"minecraft:oak_slab":6,"minecraft:crafting_table":20,"minecraft:white_bed":24,"minecraft:oak_log":6,"minecraft:cornflower":2,"minecraft:diamond_pickaxe":4781,"minecraft:oxeye_daisy":1,"minecraft:diamond_shovel":62,"minecraft:oak_button":1,"minecraft:iron_pickaxe":1266,"minecraft:cobblestone":188,"minecraft:porkchop":19,"minecraft:white_banner":1,"minecraft:cooked_porkchop":4,"minecraft:bucket":45,"minecraft:yellow_bed":14,"minecraft:stripped_oak_log":1,"minecraft:dandelion":2,"minecraft:gray_wool":1},"minecraft:broken":{"minecraft:iron_shovel":5,"minecraft:diamond_pickaxe":1,"minecraft:shield":1,"minecraft:golden_axe":1,"minecraft:iron_axe":6,"minecraft:iron_pickaxe":4},"minecraft:killed_by":{"minecraft:creeper":1,"minecraft:zombie":3,"minecraft:player":8,"minecraft:stray":1,"minecraft:iron_golem":5},"minecraft:killed":{"minecraft:zombified_piglin":1,"minecraft:spider":11,"minecraft:skeleton":17,"minecraft:chicken":1,"minecraft:skeleton_horse":1,"minecraft:cat":1,"minecraft:piglin":7,"minecraft:pig":13,"minecraft:iron_golem":45,"minecraft:sheep":19,"minecraft:trader_llama":4,"minecraft:pillager":20,"minecraft:zombie":85,"minecraft:mooshroom":4,"minecraft:stray":7,"minecraft:cow":11,"minecraft:vindicator":1,"minecraft:wandering_trader":1,"minecraft:hoglin":1,"minecraft:villager":4,"minecraft:enderman":42},"minecraft:crafted":{"minecraft:grindstone":3,"minecraft:smooth_stone":2,"minecraft:oak_planks":10484,"minecraft:cobblestone_slab":6,"minecraft:stone":5,"minecraft:diamond_shovel":1,"minecraft:hopper":1,"minecraft:diamond_helmet":14,"minecraft:bow":3,"minecraft:diamond_leggings":7,"minecraft:iron_boots":2,"minecraft:chest":15,"minecraft:oak_button":1,"minecraft:stone_hoe":108,"minecraft:oak_slab":6,"minecraft:emerald":700,"minecraft:cooked_porkchop":9,"minecraft:diamond_axe":6,"minecraft:crafting_table":17,"minecraft:spruce_planks":478,"minecraft:wooden_pickaxe":1,"minecraft:iron_helmet":14,"minecraft:baked_potato":192,"minecraft:chainmail_chestplate":12,"minecraft:smithing_table":2,"minecraft:fletching_table":3,"minecraft:iron_chestplate":1,"minecraft:diamond_pickaxe":9,"minecraft:shield":4,"minecraft:stick":20571,"minecraft:stone_slab":6,"minecraft:iron_pickaxe":10,"minecraft:stone_sword":1,"minecraft:gold_ingot":17,"minecraft:netherite_ingot":1,"minecraft:oak_door":3,"minecraft:stone_shovel":76,"minecraft:diamond_hoe":12,"minecraft:spruce_button":7,"minecraft:furnace":8,"minecraft:blast_furnace":1,"minecraft:flint_and_steel":1,"minecraft:iron_axe":70,"minecraft:stone_pickaxe":80,"minecraft:diamond_boots":7,"minecraft:spruce_boat":3,"minecraft:netherite_scrap":2,"minecraft:dark_oak_planks":32,"minecraft:wheat":270,"minecraft:diamond_sword":4,"minecraft:spruce_sign":9,"minecraft:enchanting_table":1,"minecraft:iron_sword":1,"minecraft:bucket":3,"minecraft:enchanted_book":2,"minecraft:bread":90,"minecraft:air":0,"minecraft:oak_boat":1,"minecraft:chainmail_boots":18,"minecraft:wooden_axe":1,"minecraft:iron_shovel":8,"minecraft:iron_leggings":2,"minecraft:white_bed":1,"minecraft:diamond_chestplate":6},"minecraft:custom":{"minecraft:interact_with_crafting_table":128,"minecraft:open_barrel":1,"minecraft:bell_ring":56,"minecraft:leave_game":18,"minecraft:time_since_death":111295,"minecraft:sprint_one_cm":2884224,"minecraft:damage_blocked_by_shield":4963,"minecraft:drop":252,"minecraft:talked_to_villager":581,"minecraft:play_time":1100519,"minecraft:deaths":24,"minecraft:jump":18285,"minecraft:walk_on_water_one_cm":105720,"minecraft:interact_with_furnace":57,"minecraft:traded_with_villager":1098,"minecraft:sleep_in_bed":47,"minecraft:damage_dealt":95001,"minecraft:crouch_one_cm":273046,"minecraft:interact_with_smoker":51,"minecraft:horse_one_cm":24647,"minecraft:interact_with_smithing_table":15,"minecraft:interact_with_anvil":2,"minecraft:mob_kills":299,"minecraft:inspect_hopper":2,"minecraft:climb_one_cm":3167,"minecraft:walk_one_cm":3112365,"minecraft:raid_win":1,"minecraft:sneak_time":96513,"minecraft:walk_under_water_one_cm":49044,"minecraft:boat_one_cm":91174,"minecraft:interact_with_blast_furnace":5,"minecraft:total_world_time":1100519,"minecraft:raid_trigger":1,"minecraft:interact_with_stonecutter":2,"minecraft:interact_with_grindstone":11,"minecraft:time_since_rest":111367,"minecraft:damage_taken":21667,"minecraft:swim_one_cm":182171,"minecraft:fly_one_cm":3348064,"minecraft:open_chest":429,"minecraft:fall_one_cm":427973},"minecraft:mined":{"minecraft:spruce_planks":1,"minecraft:white_bed":28,"minecraft:obsidian":21,"minecraft:granite":29,"minecraft:grass_block":164,"minecraft:composter":4,"minecraft:hopper":1,"minecraft:oxeye_daisy":1,"minecraft:smooth_stone":1,"minecraft:magma_block":16,"minecraft:iron_ore":32,"minecraft:cobbled_deepslate":15,"minecraft:fire":1,"minecraft:fletching_table":18,"minecraft:dirt_path":84,"minecraft:blackstone":95,"minecraft:smoker":1,"minecraft:clay":3,"minecraft:blast_furnace":2,"minecraft:chest":5,"minecraft:spruce_wall_sign":2,"minecraft:nether_quartz_ore":8,"minecraft:cobblestone":30,"minecraft:grindstone":4,"minecraft:oak_planks":13,"minecraft:wall_torch":4,"minecraft:white_terracotta":2,"minecraft:nether_wart_block":1,"minecraft:wheat":28,"minecraft:lilac":1,"minecraft:warped_fungus":1,"minecraft:smooth_stone_slab":4,"minecraft:oak_log":1997,"minecraft:sand":1,"minecraft:dirt":320,"minecraft:stonecutter":2,"minecraft:netherrack":2461,"minecraft:ancient_debris":24,"minecraft:oak_leaves":189,"minecraft:deepslate":1812,"minecraft:nether_gold_ore":2,"minecraft:tuff":231,"minecraft:deepslate_diamond_ore":392,"minecraft:dark_oak_fence":4,"minecraft:spruce_fence":2,"minecraft:crimson_roots":2,"minecraft:hay_block":31,"minecraft:furnace":3,"minecraft:carrots":7,"minecraft:nether_sprouts":1,"minecraft:snow":219,"minecraft:andesite":49,"minecraft:stripped_spruce_log":41,"minecraft:peony":4,"minecraft:bell":7,"minecraft:bookshelf":2,"minecraft:potatoes":36,"minecraft:deepslate_iron_ore":2,"minecraft:cobblestone_slab":2,"minecraft:warped_stem":1,"minecraft:stripped_oak_log":66,"minecraft:packed_ice":2,"minecraft:stone":666,"minecraft:smithing_table":1,"minecraft:basalt":170,"minecraft:oak_fence":3,"minecraft:crafting_table":7,"minecraft:cornflower":1,"minecraft:short_grass":95,"minecraft:spruce_button":2,"minecraft:warped_roots":4,"minecraft:lectern":4,"minecraft:tall_grass":6,"minecraft:copper_ore":3,"minecraft:deepslate_coal_ore":6,"minecraft:deepslate_gold_ore":13,"minecraft:diorite":10,"minecraft:blue_bed":14,"minecraft:warped_wart_block":3,"minecraft:stripped_spruce_wood":1,"minecraft:ice":5,"minecraft:spruce_log":16,"minecraft:birch_leaves":1,"minecraft:yellow_bed":14,"minecraft:coal_ore":33,"minecraft:gravel":97,"minecraft:dripstone_block":3},"minecraft:picked_up":{"minecraft:iron_chestplate":21,"minecraft:smithing_table":2,"minecraft:lead":7,"minecraft:string":32,"minecraft:raw_copper":9,"minecraft:smooth_stone_slab":8,"minecraft:iron_leggings":5,"minecraft:netherite_ingot":1,"minecraft:diamond_leggings":4,"minecraft:cobbled_deepslate":1170,"minecraft:gold_nugget":21,"minecraft:smooth_stone":1,"minecraft:bucket":6,"minecraft:spruce_planks":342,"minecraft:cobblestone_slab":6,"minecraft:netherite_upgrade_smithing_template":4,"minecraft:iron_pickaxe":10,"minecraft:furnace":16,"minecraft:iron_boots":6,"minecraft:tipped_arrow":5,"minecraft:stick":292,"minecraft:composter":6,"minecraft:oak_fence":11,"minecraft:torch":23,"minecraft:porkchop":61,"minecraft:diorite":3,"minecraft:rotten_flesh":164,"minecraft:obsidian":26,"minecraft:snowball":388,"minecraft:cobblestone":924,"minecraft:feather":1,"minecraft:water_bucket":6,"minecraft:andesite":40,"minecraft:smoker":1,"minecraft:potato":287,"minecraft:flint":18,"minecraft:tuff":226,"minecraft:stripped_spruce_wood":1,"minecraft:dirt":1138,"minecraft:bone":29,"minecraft:stonecutter":7,"minecraft:bow":4,"minecraft:wheat_seeds":83,"minecraft:raw_gold":39,"minecraft:bell":16,"minecraft:grindstone":14,"minecraft:diamond_helmet":5,"minecraft:fletching_table":18,"minecraft:stone_hoe":5,"minecraft:oak_planks":321,"minecraft:cooked_porkchop":8,"minecraft:warped_wart_block":3,"minecraft:poisonous_potato":4,"minecraft:sand":1,"minecraft:stripped_spruce_log":48,"minecraft:ink_sac":3,"minecraft:grass_block":1,"minecraft:diamond":533,"minecraft:spruce_boat":4,"minecraft:crossbow":1,"minecraft:granite":23,"minecraft:bone_meal":1,"minecraft:emerald":381,"minecraft:spruce_button":3,"minecraft:spruce_sign":7,"minecraft:bread":23,"minecraft:oak_sapling":36,"minecraft:netherrack":1364,"minecraft:dark_oak_fence":4,"minecraft:crimson_roots":1,"minecraft:diamond_pickaxe":9,"minecraft:crafting_table":8,"minecraft:chicken":1,"minecraft:clay_ball":24,"minecraft:wooden_pickaxe":1,"minecraft:shield":8,"minecraft:cornflower":2,"minecraft:iron_axe":17,"minecraft:netherite_scrap":2,"minecraft:iron_shovel":16,"minecraft:blackstone":46,"minecraft:beef":133,"minecraft:oak_boat":6,"minecraft:poppy":95,"minecraft:lectern":4,"minecraft:sugar_cane":30,"minecraft:chest":20,"minecraft:egg":4,"minecraft:raw_iron":97,"minecraft:stone":8,"minecraft:spruce_fence":6,"minecraft:carrot":172,"minecraft:stone_shovel":3,"minecraft:arrow":26,"minecraft:diamond_chestplate":6,"minecraft:peony":4,"minecraft:diamond_boots":5,"minecraft:hay_block":34,"minecraft:gold_ingot":3,"minecraft:mutton":79,"minecraft:white_wool":20,"minecraft:oxeye_daisy":1,"minecraft:stripped_oak_log":65,"minecraft:leather":52,"minecraft:oak_log":2189,"minecraft:chainmail_chestplate":1,"minecraft:ancient_debris":28,"minecraft:yellow_bed":15,"minecraft:nether_wart_block":2,"minecraft:blue_bed":24,"minecraft:white_banner":1,"minecraft:cooked_mutton":19,"minecraft:apple":3,"minecraft:warped_stem":2,"minecraft:iron_ingot":616,"minecraft:stone_pickaxe":7,"minecraft:iron_sword":9,"minecraft:book":15,"minecraft:warped_fungus":3,"minecraft:pumpkin":3,"minecraft:quartz":4,"minecraft:dandelion":2,"minecraft:dripstone_block":3,"minecraft:gravel":76,"minecraft:spruce_sapling":1,"minecraft:blast_furnace":2,"minecraft:white_bed":24,"minecraft:spruce_log":15,"minecraft:spider_eye":9,"minecraft:iron_helmet":9,"minecraft:diamond_axe":3,"minecraft:gray_wool":6,"minecraft:warped_roots":15,"minecraft:baked_potato":105,"minecraft:black_wool":2,"minecraft:warped_nylium":23,"minecraft:coal":107,"minecraft:hopper":1,"minecraft:ender_pearl":35}},"DataVersion":3700}