{"stats":{"minecraft:killed":{"jujutsucraft:cursed_spirit_grade_32":2,"jujutsucraft:ember_insect":4,"jujutsucraft:cursed_spirit_grade_39":14,"jujutsucraft:cursed_spirit_grade_33":7,"jujutsucraft:cursed_spirit_grade_314":3,"minecraft:pig":1,"jujutsucraft:cursed_spirit_grade_311":1,"jujutsucraft:nanako":1,"jujutsucraft:charles_bernard":1,"jujutsucraft:cursed_spirit_grade_36":2,"jujutsucraft:cursed_spirit_grade_35":1,"jujutsucraft:yoshino_junpei":1,"jujutsucraft:cursed_spirit_grade_317":6,"jujutsucraft:cursed_spirit_grade_38":1,"jujutsucraft:curse_user_1":1,"jujutsucraft:cursed_spirit_grade_316":1,"jujutsucraft:cursed_spirit_grade_34":4,"jujutsucraft:cursed_spirit_grade_319":4,"jujutsucraft:curse_user":2,"minecraft:villager":1,"minecraft:cow":1},"minecraft:picked_up":{"minecraft:birch_log":2,"minecraft:stick":2,"minecraft:stone":11,"minecraft:iron_door":1,"minecraft:spruce_fence":1,"minecraft:porkchop":3,"jujutsucraft:sword_kusakabe":1,"minecraft:diorite":1,"minecraft:grass_block":6,"minecraft:carrot":1,"minecraft:dirt":4,"minecraft:waxed_exposed_cut_copper":1,"minecraft:beef":3,"minecraft:oak_sapling":8,"minecraft:oak_leaves":3},"minecraft:used":{"minecraft:grass_block":1,"jujutsucraft:sword_kusakabe":9,"minecraft:oak_leaves":1},"minecraft:custom":{"minecraft:interact_with_smithing_table":1,"minecraft:time_since_rest":1624,"minecraft:sprint_one_cm":665138,"minecraft:damage_taken":25813,"minecraft:walk_one_cm":545273,"minecraft:mob_kills":62,"minecraft:damage_dealt_absorbed":30,"minecraft:fly_one_cm":1217378,"minecraft:player_kills":4,"minecraft:open_barrel":8,"minecraft:crouch_one_cm":1580,"minecraft:play_time":74677,"minecraft:deaths":65,"minecraft:sneak_time":347,"minecraft:walk_under_water_one_cm":3226,"minecraft:damage_dealt_resisted":12737,"minecraft:jump":1984,"minecraft:leave_game":1,"minecraft:time_since_death":1610,"minecraft:walk_on_water_one_cm":14392,"minecraft:total_world_time":74677,"minecraft:damage_resisted":9901,"minecraft:climb_one_cm":1076,"minecraft:fall_one_cm":119657},"minecraft:mined":{"minecraft:birch_log":2,"minecraft:grass":5,"minecraft:grass_block":1,"minecraft:tall_grass":3},"minecraft:killed_by":{"jujutsucraft:curse_user_1":2,"jujutsucraft:kurusu_hana":1,"jujutsucraft:cursed_spirit_grade_19":1,"jujutsucraft:cursed_spirit_grade_15":5,"jujutsucraft:cursed_spirit_grade_39":1,"minecraft:player":11,"jujutsucraft:cursed_spirit_grade_11":1,"jujutsucraft:negi_toshihisa":1,"jujutsucraft:mahito":1,"jujutsucraft:eso":1,"jujutsucraft:jogo":30,"jujutsucraft:dhruv_lakdawalla":1,"jujutsucraft:curse_user":1,"jujutsucraft:uro_takako":1}},"DataVersion":3465}