{"stats":{"minecraft:crafted":{"minecraft:oak_planks":32},"minecraft:mined":{"minecraft:tall_grass":23,"minecraft:short_grass":54,"minecraft:oak_log":8,"minecraft:oak_leaves":7},"minecraft:custom":{"minecraft:jump":157,"minecraft:time_since_rest":4187,"minecraft:leave_game":1,"minecraft:crouch_one_cm":539,"minecraft:sprint_one_cm":21920,"minecraft:play_time":4187,"minecraft:time_since_death":4187,"minecraft:walk_one_cm":2869,"minecraft:sneak_time":173,"minecraft:total_world_time":4187,"minecraft:fall_one_cm":5074,"minecraft:fly_one_cm":40173},"minecraft:picked_up":{"minecraft:oak_log":8,"minecraft:oak_sapling":1,"minecraft:wheat_seeds":6}},"DataVersion":3700}