{
  "minecraft:recipes/transportation/mangrove_boat": {
    "criteria": {
      "in_water": "2024-06-29 03:56:14 +0000"
    },
    "done": true
  },
  "jujutsucraft:jujutsu_craft_skills": {
    "criteria": {
      "jujutsu_craft_skills_0": "2024-06-29 03:47:18 +0000"
    },
    "done": true
  },
  "jujutsucraft:skill_divine_dog_totality": {
    "criteria": {
      "skill_divine_dog_totality_0": "2024-06-29 03:47:18 +0000"
    },
    "done": true
  },
  "jujutsucraft:mastery_simple_domain": {
    "criteria": {
      "mastery_simple_domain_0": "2024-06-29 04:27:51 +0000"
    },
    "done": true
  },
  "minecraft:recipes/misc/iron_nugget_from_smelting": {
    "criteria": {
      "has_iron_axe": "2024-06-29 03:48:22 +0000"
    },
    "done": true
  },
  "jujutsu_kaisen_gt_2:jujutsu_craft_gt": {
    "criteria": {
      "jujutsu_craft_gt_0": "2024-06-29 03:47:18 +0000"
    },
    "done": true
  },
  "jujutsucraft:skill_gojo": {
    "criteria": {
      "skill_gojo_0": "2024-06-29 04:24:32 +0000"
    },
    "done": true
  },
  "jujutsucraft:skill_blood_manipulation": {
    "criteria": {
      "skill_blood_manipulation_0": "2024-06-29 03:47:38 +0000"
    },
    "done": true
  },
  "minecraft:recipes/misc/gold_nugget_from_smelting": {
    "criteria": {
      "has_golden_sword": "2024-06-29 03:50:03 +0000"
    },
    "done": true
  },
  "jujutsucraft:advancement_insect": {
    "criteria": {
      "advancement_insect_0": "2024-06-29 03:47:51 +0000"
    },
    "done": true
  },
  "jujutsucraft:sorcerer_grade_4": {
    "criteria": {
      "sorcerer_grade_4_0": "2024-06-29 03:59:45 +0000"
    },
    "done": true
  },
  "jujutsucraft:sorcerer_grade_3": {
    "criteria": {
      "sorcerer_grade_3_0": "2024-06-29 04:24:53 +0000"
    },
    "done": true
  },
  "minecraft:recipes/misc/gold_nugget_from_blasting": {
    "criteria": {
      "has_golden_sword": "2024-06-29 03:50:03 +0000"
    },
    "done": true
  },
  "minecraft:recipes/decorations/glow_item_frame": {
    "criteria": {
      "has_item_frame": "2024-06-29 03:48:21 +0000"
    },
    "done": true
  },
  "jujutsucraft:skill_ten_shadows_technique": {
    "criteria": {
      "skill_ten_shadows_technique_0": "2024-06-29 04:01:03 +0000"
    },
    "done": true
  },
  "minecraft:recipes/decorations/crafting_table": {
    "criteria": {
      "unlock_right_away": "2024-06-29 03:47:18 +0000"
    },
    "done": true
  },
  "minecraft:recipes/decorations/chest": {
    "criteria": {
      "has_lots_of_items": "2024-06-29 03:48:22 +0000"
    },
    "done": true
  },
  "minecraft:recipes/redstone/dispenser": {
    "criteria": {
      "has_bow": "2024-06-29 03:50:03 +0000"
    },
    "done": true
  },
  "jujutsu_kaisen_gt_2:jujutsu_craft_gt_skill": {
    "criteria": {
      "jujutsu_craft_gt_skill_0": "2024-06-29 03:47:18 +0000"
    },
    "done": true
  },
  "jujutsucraft:skill_merged_beast_agito": {
    "criteria": {
      "skill_merged_beast_agito_0": "2024-06-29 03:47:18 +0000"
    },
    "done": true
  },
  "jujutsucraft:battle_advancements": {
    "criteria": {
      "battle_advancements_0": "2024-06-29 03:47:18 +0000"
    },
    "done": true
  },
  "minecraft:recipes/transportation/acacia_boat": {
    "criteria": {
      "in_water": "2024-06-29 03:56:14 +0000"
    },
    "done": true
  },
  "minecraft:recipes/transportation/cherry_boat": {
    "criteria": {
      "in_water": "2024-06-29 03:56:14 +0000"
    },
    "done": true
  },
  "minecraft:adventure/root": {
    "criteria": {
      "killed_something": "2024-06-29 03:48:11 +0000"
    },
    "done": true
  },
  "jujutsucraft:skill_divine_dogs": {
    "criteria": {
      "skill_divine_dogs_0": "2024-06-29 04:01:03 +0000"
    },
    "done": true
  },
  "jujutsucraft:skill_cursed_technique_lapse_blue": {
    "criteria": {
      "skill_cursed_technique_lapse_blue_0": "2024-06-29 04:24:32 +0000"
    },
    "done": true
  },
  "minecraft:recipes/misc/bone_meal": {
    "criteria": {
      "has_bone": "2024-06-29 03:48:21 +0000"
    },
    "done": true
  },
  "jujutsucraft:start_jujutsu_craft": {
    "criteria": {
      "start_jujutsu_craft_0": "2024-06-29 03:47:18 +0000"
    },
    "done": true
  },
  "minecraft:recipes/misc/iron_nugget_from_blasting": {
    "criteria": {
      "has_iron_axe": "2024-06-29 03:48:22 +0000"
    },
    "done": true
  },
  "minecraft:adventure/adventuring_time": {
    "criteria": {
      "minecraft:taiga": "2024-06-29 03:47:55 +0000",
      "minecraft:frozen_river": "2024-06-29 03:52:56 +0000",
      "minecraft:snowy_taiga": "2024-06-29 03:52:58 +0000",
      "minecraft:frozen_ocean": "2024-06-29 04:20:14 +0000",
      "minecraft:windswept_forest": "2024-06-29 03:47:21 +0000",
      "minecraft:snowy_beach": "2024-06-29 04:20:12 +0000"
    },
    "done": false
  },
  "minecraft:recipes/transportation/bamboo_raft": {
    "criteria": {
      "in_water": "2024-06-29 03:56:14 +0000"
    },
    "done": true
  },
  "jujutsucraft:reverse_cursed_technique_1": {
    "criteria": {
      "reverse_cursed_technique_1_0": "2024-06-29 03:50:34 +0000"
    },
    "done": true
  },
  "minecraft:recipes/transportation/spruce_boat": {
    "criteria": {
      "in_water": "2024-06-29 03:56:14 +0000"
    },
    "done": true
  },
  "jujutsucraft:update": {
    "criteria": {
      "update_0": "2024-06-29 04:31:29 +0000"
    },
    "done": true
  },
  "minecraft:recipes/transportation/birch_boat": {
    "criteria": {
      "in_water": "2024-06-29 03:56:14 +0000"
    },
    "done": true
  },
  "jujutsucraft:fame_2": {
    "criteria": {
      "fame_2_0": "2024-06-29 04:06:29 +0000"
    },
    "done": true
  },
  "jujutsucraft:fame_3": {
    "criteria": {
      "fame_3_0": "2024-06-29 03:52:18 +0000"
    },
    "done": true
  },
  "jujutsucraft:fame_4": {
    "criteria": {
      "fame_4_0": "2024-06-29 03:52:18 +0000"
    },
    "done": true
  },
  "minecraft:recipes/transportation/oak_boat": {
    "criteria": {
      "in_water": "2024-06-29 03:56:14 +0000"
    },
    "done": true
  },
  "minecraft:recipes/transportation/jungle_boat": {
    "criteria": {
      "in_water": "2024-06-29 03:56:14 +0000"
    },
    "done": true
  },
  "minecraft:recipes/transportation/dark_oak_boat": {
    "criteria": {
      "in_water": "2024-06-29 03:56:14 +0000"
    },
    "done": true
  },
  "DataVersion": 3465
}