{
  "jujutsucraft:jujutsu_craft_skills": {
    "criteria": {
      "jujutsu_craft_skills_0": "2024-06-28 03:13:31 +0000"
    },
    "done": true
  },
  "jujutsucraft:skill_divine_dog_totality": {
    "criteria": {
      "skill_divine_dog_totality_0": "2024-06-28 03:13:31 +0000"
    },
    "done": true
  },
  "jujutsu_kaisen_gt_2:jujutsu_craft_gt": {
    "criteria": {
      "jujutsu_craft_gt_0": "2024-06-28 03:13:31 +0000"
    },
    "done": true
  },
  "minecraft:recipes/decorations/crafting_table": {
    "criteria": {
      "unlock_right_away": "2024-06-28 03:13:31 +0000"
    },
    "done": true
  },
  "jujutsu_kaisen_gt_2:jujutsu_craft_gt_skill": {
    "criteria": {
      "jujutsu_craft_gt_skill_0": "2024-06-28 03:13:31 +0000"
    },
    "done": true
  },
  "jujutsucraft:skill_merged_beast_agito": {
    "criteria": {
      "skill_merged_beast_agito_0": "2024-06-28 03:13:31 +0000"
    },
    "done": true
  },
  "jujutsucraft:battle_advancements": {
    "criteria": {
      "battle_advancements_0": "2024-06-28 03:13:31 +0000"
    },
    "done": true
  },
  "jujutsucraft:start_jujutsu_craft": {
    "criteria": {
      "start_jujutsu_craft_0": "2024-06-28 03:13:31 +0000"
    },
    "done": true
  },
  "minecraft:adventure/adventuring_time": {
    "criteria": {
      "minecraft:birch_forest": "2024-06-28 03:35:16 +0000",
      "minecraft:beach": "2024-06-28 03:23:32 +0000",
      "minecraft:dark_forest": "2024-06-28 03:33:50 +0000",
      "minecraft:river": "2024-06-28 03:23:27 +0000",
      "minecraft:cold_ocean": "2024-06-28 03:26:45 +0000",
      "minecraft:forest": "2024-06-28 03:13:31 +0000",
      "minecraft:ocean": "2024-06-28 03:27:38 +0000",
      "minecraft:old_growth_birch_forest": "2024-06-28 03:33:10 +0000",
      "minecraft:plains": "2024-06-28 03:23:56 +0000"
    },
    "done": false
  },
  "jujutsucraft:skill_geto": {
    "criteria": {
      "skill_geto_0": "2024-06-28 03:13:43 +0000"
    },
    "done": true
  },
  "jujutsucraft:advancement_six_eyes": {
    "criteria": {
      "advancement_six_eyes_0": "2024-06-28 03:13:44 +0000"
    },
    "done": true
  },
  "minecraft:adventure/root": {
    "criteria": {
      "killed_by_something": "2024-06-28 03:13:46 +0000"
    },
    "done": true
  },
  "jujutsucraft:advancement_insect": {
    "criteria": {
      "advancement_insect_0": "2024-06-28 03:15:26 +0000"
    },
    "done": true
  },
  "minecraft:recipes/misc/charcoal": {
    "criteria": {
      "has_log": "2024-06-28 03:15:35 +0000"
    },
    "done": true
  },
  "minecraft:recipes/building_blocks/oak_planks": {
    "criteria": {
      "has_logs": "2024-06-28 03:15:35 +0000"
    },
    "done": true
  },
  "minecraft:recipes/building_blocks/oak_wood": {
    "criteria": {
      "has_log": "2024-06-28 03:15:35 +0000"
    },
    "done": true
  },
  "minecraft:recipes/building_blocks/oak_slab": {
    "criteria": {
      "has_planks": "2024-06-28 03:15:52 +0000"
    },
    "done": true
  },
  "minecraft:recipes/decorations/oak_sign": {
    "criteria": {
      "has_planks": "2024-06-28 03:15:52 +0000"
    },
    "done": true
  },
  "minecraft:recipes/redstone/oak_trapdoor": {
    "criteria": {
      "has_planks": "2024-06-28 03:15:52 +0000"
    },
    "done": true
  },
  "minecraft:recipes/redstone/oak_fence_gate": {
    "criteria": {
      "has_planks": "2024-06-28 03:15:52 +0000"
    },
    "done": true
  },
  "minecraft:recipes/redstone/oak_pressure_plate": {
    "criteria": {
      "has_planks": "2024-06-28 03:15:52 +0000"
    },
    "done": true
  },
  "minecraft:recipes/redstone/oak_door": {
    "criteria": {
      "has_planks": "2024-06-28 03:15:52 +0000"
    },
    "done": true
  },
  "minecraft:recipes/misc/stick": {
    "criteria": {
      "has_planks": "2024-06-28 03:15:52 +0000"
    },
    "done": true
  },
  "minecraft:recipes/building_blocks/oak_stairs": {
    "criteria": {
      "has_planks": "2024-06-28 03:15:52 +0000"
    },
    "done": true
  },
  "minecraft:recipes/decorations/oak_fence": {
    "criteria": {
      "has_planks": "2024-06-28 03:15:52 +0000"
    },
    "done": true
  },
  "minecraft:recipes/decorations/barrel": {
    "criteria": {
      "has_planks": "2024-06-28 03:15:52 +0000"
    },
    "done": true
  },
  "minecraft:recipes/redstone/oak_button": {
    "criteria": {
      "has_planks": "2024-06-28 03:15:52 +0000"
    },
    "done": true
  },
  "minecraft:recipes/decorations/chest": {
    "criteria": {
      "has_lots_of_items": "2024-06-28 03:17:11 +0000"
    },
    "done": true
  },
  "minecraft:recipes/decorations/ladder": {
    "criteria": {
      "has_stick": "2024-06-28 03:17:45 +0000"
    },
    "done": true
  },
  "minecraft:recipes/decorations/campfire": {
    "criteria": {
      "has_stick": "2024-06-28 03:17:45 +0000"
    },
    "done": true
  },
  "minecraft:recipes/tools/wooden_hoe": {
    "criteria": {
      "has_stick": "2024-06-28 03:17:45 +0000"
    },
    "done": true
  },
  "minecraft:recipes/tools/wooden_pickaxe": {
    "criteria": {
      "has_stick": "2024-06-28 03:17:45 +0000"
    },
    "done": true
  },
  "minecraft:recipes/tools/wooden_axe": {
    "criteria": {
      "has_stick": "2024-06-28 03:17:45 +0000"
    },
    "done": true
  },
  "minecraft:recipes/tools/wooden_shovel": {
    "criteria": {
      "has_stick": "2024-06-28 03:17:45 +0000"
    },
    "done": true
  },
  "minecraft:recipes/combat/wooden_sword": {
    "criteria": {
      "has_stick": "2024-06-28 03:17:45 +0000"
    },
    "done": true
  },
  "minecraft:story/root": {
    "criteria": {
      "crafting_table": "2024-06-28 03:17:48 +0000"
    },
    "done": true
  },
  "minecraft:recipes/redstone/lever": {
    "criteria": {
      "has_cobblestone": "2024-06-28 03:18:08 +0000"
    },
    "done": true
  },
  "minecraft:recipes/combat/stone_sword": {
    "criteria": {
      "has_cobblestone": "2024-06-28 03:18:08 +0000"
    },
    "done": true
  },
  "minecraft:recipes/decorations/cobblestone_wall": {
    "criteria": {
      "has_cobblestone": "2024-06-28 03:18:08 +0000"
    },
    "done": true
  },
  "minecraft:recipes/tools/stone_pickaxe": {
    "criteria": {
      "has_cobblestone": "2024-06-28 03:18:08 +0000"
    },
    "done": true
  },
  "minecraft:recipes/tools/stone_axe": {
    "criteria": {
      "has_cobblestone": "2024-06-28 03:18:08 +0000"
    },
    "done": true
  },
  "minecraft:story/mine_stone": {
    "criteria": {
      "get_stone": "2024-06-28 03:18:08 +0000"
    },
    "done": true
  },
  "minecraft:recipes/decorations/furnace": {
    "criteria": {
      "has_cobblestone": "2024-06-28 03:18:08 +0000"
    },
    "done": true
  },
  "minecraft:recipes/building_blocks/cobblestone_slab": {
    "criteria": {
      "has_cobblestone": "2024-06-28 03:18:08 +0000"
    },
    "done": true
  },
  "minecraft:recipes/building_blocks/cobblestone_slab_from_cobblestone_stonecutting": {
    "criteria": {
      "has_cobblestone": "2024-06-28 03:18:08 +0000"
    },
    "done": true
  },
  "minecraft:recipes/building_blocks/stone": {
    "criteria": {
      "has_cobblestone": "2024-06-28 03:18:08 +0000"
    },
    "done": true
  },
  "minecraft:recipes/decorations/cobblestone_wall_from_cobblestone_stonecutting": {
    "criteria": {
      "has_cobblestone": "2024-06-28 03:18:08 +0000"
    },
    "done": true
  },
  "minecraft:recipes/building_blocks/cobblestone_stairs_from_cobblestone_stonecutting": {
    "criteria": {
      "has_cobblestone": "2024-06-28 03:18:08 +0000"
    },
    "done": true
  },
  "minecraft:recipes/building_blocks/cobblestone_stairs": {
    "criteria": {
      "has_cobblestone": "2024-06-28 03:18:08 +0000"
    },
    "done": true
  },
  "minecraft:recipes/tools/stone_hoe": {
    "criteria": {
      "has_cobblestone": "2024-06-28 03:18:08 +0000"
    },
    "done": true
  },
  "minecraft:recipes/tools/stone_shovel": {
    "criteria": {
      "has_cobblestone": "2024-06-28 03:18:08 +0000"
    },
    "done": true
  },
  "minecraft:recipes/decorations/torch": {
    "criteria": {
      "has_stone_pickaxe": "2024-06-28 03:18:29 +0000"
    },
    "done": true
  },
  "minecraft:story/upgrade_tools": {
    "criteria": {
      "stone_pickaxe": "2024-06-28 03:18:29 +0000"
    },
    "done": true
  },
  "minecraft:recipes/building_blocks/spruce_planks": {
    "criteria": {
      "has_logs": "2024-06-28 03:23:47 +0000"
    },
    "done": true
  },
  "minecraft:recipes/building_blocks/spruce_wood": {
    "criteria": {
      "has_log": "2024-06-28 03:23:47 +0000"
    },
    "done": true
  },
  "jujutsucraft:sorcerer_grade_4": {
    "criteria": {
      "sorcerer_grade_4_0": "2024-06-28 03:25:47 +0000"
    },
    "done": true
  },
  "minecraft:recipes/transportation/mangrove_boat": {
    "criteria": {
      "in_water": "2024-06-28 03:26:39 +0000"
    },
    "done": true
  },
  "minecraft:recipes/transportation/acacia_boat": {
    "criteria": {
      "in_water": "2024-06-28 03:26:39 +0000"
    },
    "done": true
  },
  "minecraft:recipes/transportation/cherry_boat": {
    "criteria": {
      "in_water": "2024-06-28 03:26:39 +0000"
    },
    "done": true
  },
  "minecraft:recipes/transportation/bamboo_raft": {
    "criteria": {
      "in_water": "2024-06-28 03:26:39 +0000"
    },
    "done": true
  },
  "minecraft:recipes/transportation/spruce_boat": {
    "criteria": {
      "in_water": "2024-06-28 03:26:39 +0000"
    },
    "done": true
  },
  "minecraft:recipes/transportation/birch_boat": {
    "criteria": {
      "in_water": "2024-06-28 03:26:39 +0000"
    },
    "done": true
  },
  "minecraft:recipes/transportation/oak_boat": {
    "criteria": {
      "in_water": "2024-06-28 03:26:39 +0000"
    },
    "done": true
  },
  "minecraft:recipes/transportation/jungle_boat": {
    "criteria": {
      "in_water": "2024-06-28 03:26:39 +0000"
    },
    "done": true
  },
  "minecraft:recipes/transportation/dark_oak_boat": {
    "criteria": {
      "in_water": "2024-06-28 03:26:39 +0000"
    },
    "done": true
  },
  "minecraft:recipes/food/baked_potato_from_campfire_cooking": {
    "criteria": {
      "has_potato": "2024-06-28 03:27:48 +0000"
    },
    "done": true
  },
  "minecraft:recipes/food/baked_potato_from_smoking": {
    "criteria": {
      "has_potato": "2024-06-28 03:27:48 +0000"
    },
    "done": true
  },
  "minecraft:recipes/food/baked_potato": {
    "criteria": {
      "has_potato": "2024-06-28 03:27:48 +0000"
    },
    "done": true
  },
  "minecraft:recipes/combat/bow": {
    "criteria": {
      "has_string": "2024-06-28 03:27:52 +0000"
    },
    "done": true
  },
  "minecraft:recipes/tools/fishing_rod": {
    "criteria": {
      "has_string": "2024-06-28 03:27:52 +0000"
    },
    "done": true
  },
  "minecraft:recipes/building_blocks/white_wool_from_string": {
    "criteria": {
      "has_string": "2024-06-28 03:27:52 +0000"
    },
    "done": true
  },
  "minecraft:recipes/redstone/tripwire_hook": {
    "criteria": {
      "has_string": "2024-06-28 03:27:52 +0000"
    },
    "done": true
  },
  "minecraft:recipes/combat/crossbow": {
    "criteria": {
      "has_string": "2024-06-28 03:27:52 +0000"
    },
    "done": true
  },
  "minecraft:recipes/decorations/candle": {
    "criteria": {
      "has_string": "2024-06-28 03:27:52 +0000"
    },
    "done": true
  },
  "minecraft:recipes/decorations/loom": {
    "criteria": {
      "has_string": "2024-06-28 03:27:52 +0000"
    },
    "done": true
  },
  "minecraft:recipes/transportation/carrot_on_a_stick": {
    "criteria": {
      "has_carrot": "2024-06-28 03:27:53 +0000"
    },
    "done": true
  },
  "minecraft:recipes/food/cooked_chicken_from_campfire_cooking": {
    "criteria": {
      "has_chicken": "2024-06-28 03:35:50 +0000"
    },
    "done": true
  },
  "minecraft:recipes/food/cooked_chicken": {
    "criteria": {
      "has_chicken": "2024-06-28 03:35:50 +0000"
    },
    "done": true
  },
  "minecraft:recipes/food/cooked_chicken_from_smoking": {
    "criteria": {
      "has_chicken": "2024-06-28 03:35:50 +0000"
    },
    "done": true
  },
  "minecraft:recipes/combat/arrow": {
    "criteria": {
      "has_feather": "2024-06-28 03:35:50 +0000"
    },
    "done": true
  },
  "jujutsucraft:fame_3": {
    "criteria": {
      "fame_3_0": "2024-06-28 03:36:35 +0000"
    },
    "done": true
  },
  "jujutsucraft:fame_4": {
    "criteria": {
      "fame_4_0": "2024-06-28 03:36:35 +0000"
    },
    "done": true
  },
  "jujutsucraft:fame_2": {
    "criteria": {
      "fame_2_0": "2024-06-28 03:38:45 +0000"
    },
    "done": true
  },
  "jujutsucraft:fame_1": {
    "criteria": {
      "fame_1_0": "2024-06-28 03:38:45 +0000"
    },
    "done": true
  },
  "jujutsucraft:reverse_cursed_technique_1": {
    "criteria": {
      "reverse_cursed_technique_1_0": "2024-06-28 03:47:58 +0000"
    },
    "done": true
  },
  "jujutsucraft:update": {
    "criteria": {
      "update_0": "2024-06-28 03:54:15 +0000"
    },
    "done": true
  },
  "minecraft:recipes/misc/iron_nugget_from_smelting": {
    "criteria": {
      "has_iron_sword": "2024-06-28 03:54:57 +0000"
    },
    "done": true
  },
  "minecraft:recipes/building_blocks/waxed_exposed_cut_copper_slab_from_waxed_exposed_copper_stonecutting": {
    "criteria": {
      "has_waxed_exposed_copper": "2024-06-28 03:54:42 +0000"
    },
    "done": true
  },
  "minecraft:recipes/building_blocks/waxed_exposed_cut_copper_stairs_from_waxed_exposed_cut_copper_stonecutting": {
    "criteria": {
      "has_waxed_exposed_cut_copper": "2024-06-28 03:54:47 +0000"
    },
    "done": true
  },
  "minecraft:recipes/building_blocks/waxed_exposed_cut_copper_from_waxed_exposed_copper_stonecutting": {
    "criteria": {
      "has_waxed_exposed_copper": "2024-06-28 03:54:42 +0000"
    },
    "done": true
  },
  "minecraft:recipes/decorations/glow_item_frame": {
    "criteria": {
      "has_item_frame": "2024-06-28 03:55:26 +0000"
    },
    "done": true
  },
  "minecraft:recipes/building_blocks/waxed_exposed_cut_copper_slab_from_waxed_exposed_cut_copper_stonecutting": {
    "criteria": {
      "has_waxed_exposed_cut_copper": "2024-06-28 03:54:47 +0000"
    },
    "done": true
  },
  "minecraft:recipes/redstone/dispenser": {
    "criteria": {
      "has_bow": "2024-06-28 03:55:29 +0000"
    },
    "done": true
  },
  "minecraft:recipes/building_blocks/waxed_exposed_cut_copper_stairs": {
    "criteria": {
      "has_waxed_exposed_cut_copper": "2024-06-28 03:54:47 +0000"
    },
    "done": true
  },
  "minecraft:recipes/misc/iron_nugget_from_blasting": {
    "criteria": {
      "has_iron_sword": "2024-06-28 03:54:57 +0000"
    },
    "done": true
  },
  "minecraft:recipes/building_blocks/waxed_exposed_cut_copper": {
    "criteria": {
      "has_waxed_exposed_copper": "2024-06-28 03:54:42 +0000"
    },
    "done": true
  },
  "minecraft:recipes/building_blocks/waxed_exposed_cut_copper_stairs_from_waxed_exposed_copper_stonecutting": {
    "criteria": {
      "has_waxed_exposed_copper": "2024-06-28 03:54:42 +0000"
    },
    "done": true
  },
  "minecraft:recipes/building_blocks/waxed_exposed_cut_copper_slab": {
    "criteria": {
      "has_waxed_exposed_cut_copper": "2024-06-28 03:54:47 +0000"
    },
    "done": true
  },
  "DataVersion": 3465
}